/*
SQLyog Ultimate v11.5 (64 bit)
MySQL - 5.5.27 : Database - fiesto_cne
*********************************************************************
*/

/*!40101 SET NAMES utf8 */;

/*!40101 SET SQL_MODE=''*/;

/*!40014 SET @OLD_UNIQUE_CHECKS=@@UNIQUE_CHECKS, UNIQUE_CHECKS=0 */;
/*!40014 SET @OLD_FOREIGN_KEY_CHECKS=@@FOREIGN_KEY_CHECKS, FOREIGN_KEY_CHECKS=0 */;
/*!40101 SET @OLD_SQL_MODE=@@SQL_MODE, SQL_MODE='NO_AUTO_VALUE_ON_ZERO' */;
/*!40111 SET @OLD_SQL_NOTES=@@SQL_NOTES, SQL_NOTES=0 */;
CREATE DATABASE /*!32312 IF NOT EXISTS*/`fiesto_cne` /*!40100 DEFAULT CHARACTER SET latin1 */;

USE `fiesto_cne`;

/*Table structure for table `buyer` */

DROP TABLE IF EXISTS `buyer`;

CREATE TABLE `buyer` (
  `buyer_code` varchar(10) NOT NULL,
  `buyer_type` varchar(1) DEFAULT NULL,
  `buyer_name` varchar(255) DEFAULT NULL,
  `buyer_email` varchar(255) DEFAULT NULL,
  `buyer_website` varchar(255) DEFAULT NULL,
  `buyer_phone` varchar(25) DEFAULT NULL,
  `buyer_fax` varchar(25) DEFAULT NULL,
  `buyer_address` varchar(255) DEFAULT NULL,
  `buyer_postal` varchar(10) DEFAULT NULL,
  `buyer_city` varchar(255) DEFAULT NULL,
  `buyer_country` varchar(255) DEFAULT NULL,
  `buyer_memo` mediumtext,
  `buyer_updated` timestamp NULL DEFAULT NULL,
  `buyer_updated_name` varchar(255) DEFAULT NULL,
  `buyer_status` smallint(6) DEFAULT '1',
  PRIMARY KEY (`buyer_code`)
) ENGINE=InnoDB DEFAULT CHARSET=latin1;

/*Data for the table `buyer` */

insert  into `buyer`(`buyer_code`,`buyer_type`,`buyer_name`,`buyer_email`,`buyer_website`,`buyer_phone`,`buyer_fax`,`buyer_address`,`buyer_postal`,`buyer_city`,`buyer_country`,`buyer_memo`,`buyer_updated`,`buyer_updated_name`,`buyer_status`) values ('BY0001','1','123','','','','','','','','','','2015-05-29 00:12:01','206115536',1);

/*Table structure for table `buyer_negotiation` */

DROP TABLE IF EXISTS `buyer_negotiation`;

CREATE TABLE `buyer_negotiation` (
  `buyer_code` varchar(10) NOT NULL,
  `quotation_code` varchar(10) NOT NULL,
  `negotiation_date` date DEFAULT NULL,
  `negotiation_status` smallint(6) DEFAULT NULL,
  PRIMARY KEY (`buyer_code`,`quotation_code`)
) ENGINE=InnoDB DEFAULT CHARSET=latin1;

/*Data for the table `buyer_negotiation` */

/*Table structure for table `entrance` */

DROP TABLE IF EXISTS `entrance`;

CREATE TABLE `entrance` (
  `entrance_code` varchar(10) NOT NULL,
  `entrance_name` varchar(255) DEFAULT NULL,
  `entrance_email` varchar(255) DEFAULT NULL,
  `entrance_website` varchar(255) DEFAULT NULL,
  `entrance_phone` varchar(25) DEFAULT NULL,
  `entrance_fax` varchar(25) DEFAULT NULL,
  `entrance_address` varchar(255) DEFAULT NULL,
  `entrance_postal` varchar(10) DEFAULT NULL,
  `entrance_location` varchar(10) DEFAULT NULL,
  `entrance_city` varchar(255) DEFAULT NULL,
  `entrance_country` varchar(255) DEFAULT NULL,
  `entrance_description` mediumtext,
  `entrance_hour_open` varchar(5) DEFAULT NULL,
  `entrance_hour_close` varchar(5) DEFAULT NULL,
  `entrance_group_min` smallint(6) DEFAULT NULL,
  `entrance_currency` varchar(5) DEFAULT NULL,
  `entrance_ticket_fit` int(11) DEFAULT '0',
  `entrance_ticket_group` int(11) DEFAULT '0',
  `entrance_memo` mediumtext,
  `entrance_updated` timestamp NULL DEFAULT NULL,
  `entrance_updated_name` varchar(255) DEFAULT NULL,
  `entrance_status` smallint(6) DEFAULT '1',
  PRIMARY KEY (`entrance_code`)
) ENGINE=InnoDB DEFAULT CHARSET=latin1;

/*Data for the table `entrance` */

insert  into `entrance`(`entrance_code`,`entrance_name`,`entrance_email`,`entrance_website`,`entrance_phone`,`entrance_fax`,`entrance_address`,`entrance_postal`,`entrance_location`,`entrance_city`,`entrance_country`,`entrance_description`,`entrance_hour_open`,`entrance_hour_close`,`entrance_group_min`,`entrance_currency`,`entrance_ticket_fit`,`entrance_ticket_group`,`entrance_memo`,`entrance_updated`,`entrance_updated_name`,`entrance_status`) values ('ET0001','18 HOLE GOLF (INC CADDIE & CART - 1 GROUP - 4 PAXS)',NULL,'0','0',NULL,NULL,NULL,NULL,NULL,NULL,NULL,NULL,NULL,NULL,NULL,160000,160000,'0','2015-06-06 06:46:18','admin',1),('ET0002','365 SAFETOWN THEME PARK - INC FIRE/EARTHQUAKES/TERROR EXPERIENCE',NULL,'http://www.365safetown.com/main.safe','033-550-3101',NULL,NULL,NULL,NULL,NULL,NULL,NULL,NULL,NULL,NULL,NULL,20000,20000,'09:00~18:00','2015-06-06 06:46:18','admin',1),('ET0003','63 BUILDING : SKY ART OBSERVATORY + WAX MUSEUM (PACKAGE RATE)',NULL,'http://www.63.co.kr/','02-789-5663',NULL,NULL,NULL,NULL,NULL,NULL,NULL,NULL,NULL,NULL,NULL,10000,10000,'0','2015-06-06 06:46:18','admin',1),('ET0004','63 BUILDING BIG 3 : SKY ART OBSERVATORY + WAX MUSEUM + IMAX 5D (OR SEA WORLD)',NULL,'http://www.63.co.kr/','02-789-5663',NULL,NULL,NULL,NULL,NULL,NULL,NULL,NULL,NULL,NULL,NULL,15000,12500,'10:00~22:00','2015-06-06 06:46:18','admin',1),('ET0005','ABU - OREUM (PARASITIC CONE)',NULL,'http://www.jejutour.go.kr/contents/index.2013.php?act=view&mid=TU&seq=245','064-728-7744',NULL,NULL,NULL,NULL,NULL,NULL,NULL,NULL,NULL,NULL,NULL,2500,1600,'0','2015-06-06 06:46:18','admin',1),('ET0006','ALIVE MUSEUM',NULL,'http://www.alivemuseum.com/jungmun/','064-805-0888',NULL,NULL,NULL,NULL,NULL,NULL,NULL,NULL,NULL,NULL,NULL,4500,4500,'09:00~22:00','2015-06-06 06:46:18','admin',1),('ET0007','AMETHYST',NULL,'0','0',NULL,NULL,NULL,NULL,NULL,NULL,NULL,NULL,NULL,NULL,NULL,0,0,'0','2015-06-06 06:46:18','admin',1),('ET0008','AMETHYST (OR NATURAL HERBAL SHOWROOM)',NULL,'0','0',NULL,NULL,NULL,NULL,NULL,NULL,NULL,NULL,NULL,NULL,NULL,0,0,'0','2015-06-06 06:46:18','admin',1),('ET0009','ANDONG HAHOE VILLAGE',NULL,'0','0',NULL,NULL,NULL,NULL,NULL,NULL,NULL,NULL,NULL,NULL,NULL,0,0,'0','2015-06-06 06:46:18','admin',1),('ET0010','APPLEASE KOREA APPLE BREWERY',NULL,'http://www.applewine.co.kr/shop/company/index.php','054-834-7800',NULL,NULL,NULL,NULL,NULL,NULL,NULL,NULL,NULL,NULL,NULL,12000,12000,'09:00~17:00','2015-06-06 06:46:18','admin',1),('ET0011','AQUA PLANET',NULL,'http://www.aquaplanet.co.kr','064-780-0900',NULL,NULL,NULL,NULL,NULL,NULL,NULL,NULL,NULL,NULL,NULL,12000,12000,'10:00~19:00','2015-06-06 06:46:18','admin',1),('ET0012','ARRIVE BUSAN KIMHAE AIRPORT + IMMIGRATION + LUGGAGE PICKED UP',NULL,'0','0',NULL,NULL,NULL,NULL,NULL,NULL,NULL,NULL,NULL,NULL,NULL,0,0,'0','2015-06-06 06:46:18','admin',1),('ET0013','ARRIVE INCHEON AIRPORT + IMMIGRATION + LUGGAGE PICKED UP',NULL,'0','0',NULL,NULL,NULL,NULL,NULL,NULL,NULL,NULL,NULL,NULL,NULL,0,0,'0','2015-06-06 06:46:18','admin',1),('ET0014','ARRIVE JEJU AIRPORT + IMMIGRATION + LUGGAGE PICKED UP',NULL,'0','0',NULL,NULL,NULL,NULL,NULL,NULL,NULL,NULL,NULL,NULL,NULL,0,0,'0','2015-06-06 06:46:18','admin',1),('ET0015','ARRIVE JEJU AIRPORT, PICKED UP BY DRIVER ONLY (NO GUIDE) THEN DROP TO HOTEL',NULL,'0','0',NULL,NULL,NULL,NULL,NULL,NULL,NULL,NULL,NULL,NULL,NULL,0,0,'0','2015-06-06 06:46:18','admin',1),('ET0016','ARRIVE KIMPO AIRPORT + IMMIGRATION + LUGGAGE PICKED UP',NULL,'0','0',NULL,NULL,NULL,NULL,NULL,NULL,NULL,NULL,NULL,NULL,NULL,0,0,'0','2015-06-06 06:46:18','admin',1),('ET0017','ARRIVE KIMPO AIRPORT + IMMIGRATION + LUGGAGE PICKED UP',NULL,'0','0',NULL,NULL,NULL,NULL,NULL,NULL,NULL,NULL,NULL,NULL,NULL,0,0,'0','2015-06-06 06:46:18','admin',1),('ET0018','ATV RIDE ',NULL,'http://jejulandatv.alltheway.kr/','064-787-8020',NULL,NULL,NULL,NULL,NULL,NULL,NULL,NULL,NULL,NULL,NULL,8000,8000,'09:00~18:00','2015-06-06 06:46:18','admin',1),('ET0019','BANANA FLY ON THE SNOW',NULL,'http://www.windvil.com/bbs/board.php?bo_table=seasons&wr_id=1','0',NULL,NULL,NULL,NULL,NULL,NULL,NULL,NULL,NULL,NULL,NULL,5000,5000,'0','2015-06-06 06:46:18','admin',1),('ET0020','BIBAB SHOW - actors mimic the sound of making bibimbap with beat-boxing and a cappella',NULL,'http://www.bibap.co.kr/','02-766-0815',NULL,NULL,NULL,NULL,NULL,NULL,NULL,NULL,NULL,NULL,NULL,24000,20000,'? 20:00, ?-? 17:00 20:00 ? 15:00 18:00','2015-06-06 06:46:18','admin',1),('ET0021','BREAKFAST',NULL,'0','0',NULL,NULL,NULL,NULL,NULL,NULL,NULL,NULL,NULL,NULL,NULL,0,0,'0','2015-06-06 06:46:18','admin',1),('ET0022','BREAKFAST AT CITY REST',NULL,'0','0',NULL,NULL,NULL,NULL,NULL,NULL,NULL,NULL,NULL,NULL,NULL,0,0,'0','2015-06-06 06:46:18','admin',1),('ET0023','BREAKFAST AT GLOBAL CHAO',NULL,'0','0',NULL,NULL,NULL,NULL,NULL,NULL,NULL,NULL,NULL,NULL,NULL,0,0,'0','2015-06-06 06:46:18','admin',1),('ET0024','BREAKFAST AT GLOBAL CHAO (TL PROCEED THE BOARDING PASS)',NULL,'0','0',NULL,NULL,NULL,NULL,NULL,NULL,NULL,NULL,NULL,NULL,NULL,0,0,'0','2015-06-06 06:46:18','admin',1),('ET0025','BREAKFAST THEN CONTINUED WITH SHOPPING AT KOREA FOOD & SOUVENIR GROCERIES',NULL,'0','0',NULL,NULL,NULL,NULL,NULL,NULL,NULL,NULL,NULL,NULL,NULL,0,0,'0','2015-06-06 06:46:19','admin',1),('ET0026','BUCKET LIST ART (3D ILLUSION ART MUSEUM) ',NULL,'http://jejuicemuseum.com/','064-742-3700',NULL,NULL,NULL,NULL,NULL,NULL,NULL,NULL,NULL,NULL,NULL,4500,4500,'09:00~20:00','2015-06-06 06:46:19','admin',1),('ET0027','BUKCHON HANOK VILLAGE',NULL,'0','0',NULL,NULL,NULL,NULL,NULL,NULL,NULL,NULL,NULL,NULL,NULL,0,0,'0','2015-06-06 06:46:19','admin',1),('ET0028','BULGUKSA TEMPLE',NULL,'http://www.bulguksa.or.kr/','054-746-9913',NULL,NULL,NULL,NULL,NULL,NULL,NULL,NULL,NULL,NULL,NULL,4000,4000,'07:00~18:00','2015-06-06 06:46:19','admin',1),('ET0029','BUSAN AQUARIUM',NULL,'https://www.busanaquarium.com/','051-740-1700',NULL,NULL,NULL,NULL,NULL,NULL,NULL,NULL,NULL,NULL,NULL,20000,15000,'10:00~19:00','2015-06-06 06:46:19','admin',1),('ET0030','BUSAN BIFF SQUARE, JAGALCHI MARKET',NULL,'0','0',NULL,NULL,NULL,NULL,NULL,NULL,NULL,NULL,NULL,NULL,NULL,0,0,'0','2015-06-06 06:46:19','admin',1),('ET0031','BUSAN CENTUM SHINSEGAEMALL',NULL,'0','0',NULL,NULL,NULL,NULL,NULL,NULL,NULL,NULL,NULL,NULL,NULL,0,0,'0','2015-06-06 06:46:19','admin',1),('ET0032','BUSAN CINEMA CENTER - BIG SCREEN',NULL,'0','0',NULL,NULL,NULL,NULL,NULL,NULL,NULL,NULL,NULL,NULL,NULL,0,0,'0','2015-06-06 06:46:19','admin',1),('ET0033','BUSAN CINEMA CENTER - from an architectural perspective, the center is a historic work that embodies the theories of deconstructivism while exhibiting a sense of formative beauty, The largest roof in the world (2.6 times larger than a soccer field) and co',NULL,'','',NULL,NULL,NULL,NULL,NULL,NULL,NULL,NULL,NULL,NULL,NULL,0,0,'','2015-06-06 06:46:19','admin',1),('ET0034','BUSAN MUSEUM, SONGDO BEACH, AMNAM PARK, TAEJONGDAE',NULL,'0','0',NULL,NULL,NULL,NULL,NULL,NULL,NULL,NULL,NULL,NULL,NULL,0,0,'0','2015-06-06 06:46:19','admin',1),('ET0035','BUTTERFLY PARK, MIRROR MAZE PARK',NULL,'0','0',NULL,NULL,NULL,NULL,NULL,NULL,NULL,NULL,NULL,NULL,NULL,0,0,'0','2015-06-06 06:46:19','admin',1),('ET0036','CASINO',NULL,'0','0',NULL,NULL,NULL,NULL,NULL,NULL,NULL,NULL,NULL,NULL,NULL,0,0,'0','2015-06-06 06:46:19','admin',1),('ET0037','CENTRAL MOSQUE',NULL,'0','0',NULL,NULL,NULL,NULL,NULL,NULL,NULL,NULL,NULL,NULL,NULL,0,0,'0','2015-06-06 06:46:19','admin',1),('ET0038','CHAMSORI GRAMOPHONE & EDISON SCIENCE MUSEUM',NULL,'http://www.edison.kr/','033-655-1130',NULL,NULL,NULL,NULL,NULL,NULL,NULL,NULL,NULL,NULL,NULL,7000,7000,'09:00~17:00','2015-06-06 06:46:19','admin',1),('ET0039','CHANGDEOK PALACE',NULL,'0','0',NULL,NULL,NULL,NULL,NULL,NULL,NULL,NULL,NULL,NULL,NULL,3000,3000,'0','2015-06-06 06:46:19','admin',1),('ET0040','CHAPEL SERVICE IN YEOIDO FULL GOSPEL CHURCH (13:00 BY REV. PAUL YONGGI CHO)',NULL,'0','0',NULL,NULL,NULL,NULL,NULL,NULL,NULL,NULL,NULL,NULL,NULL,0,0,'0','2015-06-06 06:46:19','admin',1),('ET0041','CHECK OUT SKI RESORT (11:00), KEEP LUGGAGE IN CONCIERCE OR BUS',NULL,'0','0',NULL,NULL,NULL,NULL,NULL,NULL,NULL,NULL,NULL,NULL,NULL,0,0,'0','2015-06-06 06:46:19','admin',1),('ET0042','CHEOMSEONGDAE OBSERVATORY',NULL,'http://chumsungdea.alltheway.kr/','054-772-5134',NULL,NULL,NULL,NULL,NULL,NULL,NULL,NULL,NULL,NULL,NULL,500,500,'0','2015-06-06 06:46:19','admin',1),('ET0043','CHEONGYECHEON STREAM',NULL,'0','0',NULL,NULL,NULL,NULL,NULL,NULL,NULL,NULL,NULL,NULL,NULL,0,0,'0','2015-06-06 06:46:19','admin',1),('ET0044','CHEONGYECHEON STREAM + GWANGHWAMUN SQUARE',NULL,'0','0',NULL,NULL,NULL,NULL,NULL,NULL,NULL,NULL,NULL,NULL,NULL,0,0,'0','2015-06-06 06:46:19','admin',1),('ET0045','CHEONJEYEON FALLS',NULL,'http://www.jejutour.go.kr/contents/?act=view&mid=TU&seq=281','064-760-6331',NULL,NULL,NULL,NULL,NULL,NULL,NULL,NULL,NULL,NULL,NULL,2500,2050,'08:00~18:00','2015-06-06 06:46:19','admin',1),('ET0046','CHEONJEYEON FALLS , SUNYO BRIDGE',NULL,'0','064-760-6332',NULL,NULL,NULL,NULL,NULL,NULL,NULL,NULL,NULL,NULL,NULL,2500,2050,'0','2015-06-06 06:46:19','admin',1),('ET0047','CHEONJIYEON FALLS',NULL,'http://www.jejutour.go.kr/contents/?act=view&mid=TU&seq=393','064-733-1518',NULL,NULL,NULL,NULL,NULL,NULL,NULL,NULL,NULL,NULL,NULL,2000,1600,'???~21:20','2015-06-06 06:46:19','admin',1),('ET0048','CHUNGJU LAKE',NULL,'http://www.betaja.com/','043-422-1188',NULL,NULL,NULL,NULL,NULL,NULL,NULL,NULL,NULL,NULL,NULL,5000,5000,'09:00~18:00','2015-06-06 06:46:19','admin',1),('ET0049','COURT OF KOREA',NULL,'0','0',NULL,NULL,NULL,NULL,NULL,NULL,NULL,NULL,NULL,NULL,NULL,0,0,'0','2015-06-06 06:46:19','admin',1),('ET0050','DAEGEUM CAVE BY MONORAIL (SUBJECT TO RESERVE AT LEAST 3 MONTHS BEFORE)',NULL,'0','0',NULL,NULL,NULL,NULL,NULL,NULL,NULL,NULL,NULL,NULL,NULL,12500,12500,'0','2015-06-06 06:46:19','admin',1),('ET0051','DAEGU NATIONAL SCIENCE MUSEUM',NULL,'0','0',NULL,NULL,NULL,NULL,NULL,NULL,NULL,NULL,NULL,NULL,NULL,12500,12500,'0','2015-06-06 06:46:19','admin',1),('ET0052','DAEGWALLYEONG FARM (INCL SHEEP FEEDING)',NULL,'http://www.windvil.com/bbs/board.php?bo_table=seasons&wr_id=1','033-336-9812',NULL,NULL,NULL,NULL,NULL,NULL,NULL,NULL,NULL,NULL,NULL,5000,5000,'09:00~18:00','2015-06-06 06:46:19','admin',1),('ET0053','DAEPO WHARF',NULL,'0','0',NULL,NULL,NULL,NULL,NULL,NULL,NULL,NULL,NULL,NULL,NULL,0,0,'0','2015-06-06 06:46:19','admin',1),('ET0054','DAEREUNGWON TOMB COMPLEX',NULL,'http://guide.gyeongju.go.kr/deploy/thema/01/01_01/01_01_03/content/1192144_1590.html','054-779-8795',NULL,NULL,NULL,NULL,NULL,NULL,NULL,NULL,NULL,NULL,NULL,2000,1600,'09:00~22:00','2015-06-06 06:46:20','admin',1),('ET0055','DALMAJI ROAD',NULL,'0','0',NULL,NULL,NULL,NULL,NULL,NULL,NULL,NULL,NULL,NULL,NULL,0,0,'0','2015-06-06 06:46:20','admin',1),('ET0056','DEOKSU PALACE (GUARD CHANGING CEREMONY)',NULL,'http://www.deoksugung.go.kr/index.asp','02-771-9951',NULL,NULL,NULL,NULL,NULL,NULL,NULL,NULL,NULL,NULL,NULL,3000,2400,'09:00~19:00 ???11:00,14:00,15:30','2015-06-06 06:46:20','admin',1),('ET0057','DFS',NULL,'0','0',NULL,NULL,NULL,NULL,NULL,NULL,NULL,NULL,NULL,NULL,NULL,0,0,'0','2015-06-06 06:46:20','admin',1),('ET0058','DIGITAL PAVILLION',NULL,'0','0',NULL,NULL,NULL,NULL,NULL,NULL,NULL,NULL,NULL,NULL,NULL,0,0,'0','2015-06-06 06:46:20','admin',1),('ET0059','DINNER',NULL,'0','0',NULL,NULL,NULL,NULL,NULL,NULL,NULL,NULL,NULL,NULL,NULL,0,0,'0','2015-06-06 06:46:20','admin',1),('ET0060','DIY GIMBAB',NULL,'0','053-853-2380',NULL,NULL,NULL,NULL,NULL,NULL,NULL,NULL,NULL,NULL,NULL,8000,8000,'0','2015-06-06 06:46:20','admin',1),('ET0061','DMZ - 3RD TUNNEL, including IMJINGAK PARK - FREEDOM BRIDGE-THE 3RD INFILTRATION TUNNEL- DMZ THEATER/EXHIBITION HALL - DORA OBSERVATORY - DORA STATION - UNIFICATION VILLAGE (MUST BRING PASSPORT).',NULL,'http://tour.paju.go.kr/index.do','031-954-0303',NULL,NULL,NULL,NULL,NULL,NULL,NULL,NULL,NULL,NULL,NULL,11700,11700,'0','2015-06-06 06:46:20','admin',1),('ET0062','DODAMSAMBONG - three stone peaks which are called Husband, Mistress & Wife rock)',NULL,'0','0',NULL,NULL,NULL,NULL,NULL,NULL,NULL,NULL,NULL,NULL,NULL,0,0,'0','2015-06-06 06:46:20','admin',1),('ET0063','DOGAE VILLAGE - EXPERIENCE GLASS ART',NULL,'http://www.dogyeglass.co.kr/','033-541-6259',NULL,NULL,NULL,NULL,NULL,NULL,NULL,NULL,NULL,NULL,NULL,8000,8000,'09:00~17:00','2015-06-06 06:46:20','admin',1),('ET0064','DONGDAEMUN DESIGN PLAZA \"The World\'s largest three-dimensional amorphous architectural structura\" by Zaha Hadid\'s Architectural Concept',NULL,'http://www.dogyeglass.co.kr/','033-541-6259',NULL,NULL,NULL,NULL,NULL,NULL,NULL,NULL,NULL,NULL,NULL,8000,8000,'09:00~17:00','2015-06-06 06:46:20','admin',1),('ET0065','DONGDAEMUN MARKET ',NULL,'0','0',NULL,NULL,NULL,NULL,NULL,NULL,NULL,NULL,NULL,NULL,NULL,0,0,'0','2015-06-06 06:46:20','admin',1),('ET0067','DRAWING SHOW',NULL,'http://drawingshow.com/','070-4070-8336',NULL,NULL,NULL,NULL,NULL,NULL,NULL,NULL,NULL,NULL,NULL,20000,20000,'17: 00, 20:00 2TIMES/DAY','2015-06-06 06:46:20','admin',1),('ET0068','DRIVE BACK TO SEOUL',NULL,'0','0',NULL,NULL,NULL,NULL,NULL,NULL,NULL,NULL,NULL,NULL,NULL,0,0,'0','2015-06-06 06:46:20','admin',1),('ET0069','DRIVE TO ANSAN',NULL,'0','0',NULL,NULL,NULL,NULL,NULL,NULL,NULL,NULL,NULL,NULL,NULL,0,0,'0','2015-06-06 06:46:20','admin',1),('ET0070','DRIVE TO ASAN',NULL,'0','0',NULL,NULL,NULL,NULL,NULL,NULL,NULL,NULL,NULL,NULL,NULL,0,0,'0','2015-06-06 06:46:20','admin',1),('ET0071','DRIVE TO BUSAN',NULL,'0','0',NULL,NULL,NULL,NULL,NULL,NULL,NULL,NULL,NULL,NULL,NULL,0,0,'0','2015-06-06 06:46:20','admin',1),('ET0072','DRIVE TO CHOCO PARK - the place filled with memories and romance',NULL,'0','0',NULL,NULL,NULL,NULL,NULL,NULL,NULL,NULL,NULL,NULL,NULL,0,0,'0','2015-06-06 06:46:20','admin',1),('ET0073','DRIVE TO DAEGU',NULL,'0','0',NULL,NULL,NULL,NULL,NULL,NULL,NULL,NULL,NULL,NULL,NULL,0,0,'0','2015-06-06 06:46:20','admin',1),('ET0074','DRIVE TO DANYANG',NULL,'0','0',NULL,NULL,NULL,NULL,NULL,NULL,NULL,NULL,NULL,NULL,NULL,0,0,'0','2015-06-06 06:46:20','admin',1),('ET0075','DRIVE TO DONG DAEGU STATION TO TAKE KTX',NULL,'0','0',NULL,NULL,NULL,NULL,NULL,NULL,NULL,NULL,NULL,NULL,NULL,0,0,'0','2015-06-06 06:46:20','admin',1),('ET0076','DRIVE TO EUISONG',NULL,'0','0',NULL,NULL,NULL,NULL,NULL,NULL,NULL,NULL,NULL,NULL,NULL,0,0,'0','2015-06-06 06:46:20','admin',1),('ET0077','DRIVE TO EVERLAND',NULL,'0','0',NULL,NULL,NULL,NULL,NULL,NULL,NULL,NULL,NULL,NULL,NULL,0,0,'0','2015-06-06 06:46:20','admin',1),('ET0078','DRIVE TO GAPYEONG',NULL,'0','0',NULL,NULL,NULL,NULL,NULL,NULL,NULL,NULL,NULL,NULL,NULL,0,0,'0','2015-06-06 06:46:20','admin',1),('ET0079','DRIVE TO GIMPO AIRPORT TO FLY TO JEJU ISLAND',NULL,'0','0',NULL,NULL,NULL,NULL,NULL,NULL,NULL,NULL,NULL,NULL,NULL,0,0,'0','2015-06-06 06:46:20','admin',1),('ET0080','DRIVE TO GOJAEDO',NULL,'0','0',NULL,NULL,NULL,NULL,NULL,NULL,NULL,NULL,NULL,NULL,NULL,0,0,'0','2015-06-06 06:46:20','admin',1),('ET0081','DRIVE TO GWANGJU',NULL,'0','0',NULL,NULL,NULL,NULL,NULL,NULL,NULL,NULL,NULL,NULL,NULL,0,0,'0','2015-06-06 06:46:20','admin',1),('ET0082','DRIVE TO GYEONGGI',NULL,'0','0',NULL,NULL,NULL,NULL,NULL,NULL,NULL,NULL,NULL,NULL,NULL,0,0,'0','2015-06-06 06:46:20','admin',1),('ET0083','DRIVE TO GYEONGJU',NULL,'0','0',NULL,NULL,NULL,NULL,NULL,NULL,NULL,NULL,NULL,NULL,NULL,0,0,'0','2015-06-06 06:46:20','admin',1),('ET0084','DRIVE TO HOTEL',NULL,'0','0',NULL,NULL,NULL,NULL,NULL,NULL,NULL,NULL,NULL,NULL,NULL,0,0,'0','2015-06-06 06:46:20','admin',1),('ET0085','DRIVE TO INCHEON',NULL,'0','0',NULL,NULL,NULL,NULL,NULL,NULL,NULL,NULL,NULL,NULL,NULL,0,0,'0','2015-06-06 06:46:21','admin',1),('ET0086','DRIVE TO INCHEON AIRPORT',NULL,'0','0',NULL,NULL,NULL,NULL,NULL,NULL,NULL,NULL,NULL,NULL,NULL,0,0,'0','2015-06-06 06:46:21','admin',1),('ET0087','DRIVE TO JADE GARDEN',NULL,'0','0',NULL,NULL,NULL,NULL,NULL,NULL,NULL,NULL,NULL,NULL,NULL,0,0,'0','2015-06-06 06:46:21','admin',1),('ET0088','DRIVE TO JEONGDONGJIN',NULL,'0','0',NULL,NULL,NULL,NULL,NULL,NULL,NULL,NULL,NULL,NULL,NULL,0,0,'0','2015-06-06 06:46:21','admin',1),('ET0089','DRIVE TO JEONJU',NULL,'0','0',NULL,NULL,NULL,NULL,NULL,NULL,NULL,NULL,NULL,NULL,NULL,0,0,'0','2015-06-06 06:46:21','admin',1),('ET0090','DRIVE TO JINHAE',NULL,'0','0',NULL,NULL,NULL,NULL,NULL,NULL,NULL,NULL,NULL,NULL,NULL,0,0,'0','2015-06-06 06:46:21','admin',1),('ET0091','DRIVE TO KANGWON LAND',NULL,'0','0',NULL,NULL,NULL,NULL,NULL,NULL,NULL,NULL,NULL,NULL,NULL,0,0,'0','2015-06-06 06:46:21','admin',1),('ET0092','DRIVE TO KIMHAE AIRPORT',NULL,'0','0',NULL,NULL,NULL,NULL,NULL,NULL,NULL,NULL,NULL,NULL,NULL,0,0,'0','2015-06-06 06:46:21','admin',1),('ET0093','DRIVE TO KIMPO AIRPORT ',NULL,'0','0',NULL,NULL,NULL,NULL,NULL,NULL,NULL,NULL,NULL,NULL,NULL,0,0,'0','2015-06-06 06:46:21','admin',1),('ET0094','DRIVE TO MT. DAEDUN',NULL,'0','0',NULL,NULL,NULL,NULL,NULL,NULL,NULL,NULL,NULL,NULL,NULL,0,0,'0','2015-06-06 06:46:21','admin',1),('ET0095','DRIVE TO MT. SORAK',NULL,'0','0',NULL,NULL,NULL,NULL,NULL,NULL,NULL,NULL,NULL,NULL,NULL,0,0,'0','2015-06-06 06:46:21','admin',1),('ET0096','DRIVE TO NAJU',NULL,'0','0',NULL,NULL,NULL,NULL,NULL,NULL,NULL,NULL,NULL,NULL,NULL,0,0,'0','2015-06-06 06:46:21','admin',1),('ET0097','DRIVE TO NAMI ISLAND',NULL,'0','0',NULL,NULL,NULL,NULL,NULL,NULL,NULL,NULL,NULL,NULL,NULL,0,0,'0','2015-06-06 06:46:21','admin',1),('ET0098','DRIVE TO OSANRI',NULL,'0','0',NULL,NULL,NULL,NULL,NULL,NULL,NULL,NULL,NULL,NULL,NULL,0,0,'0','2015-06-06 06:46:21','admin',1),('ET0099','DRIVE TO PYUNGCHANG',NULL,'0','0',NULL,NULL,NULL,NULL,NULL,NULL,NULL,NULL,NULL,NULL,NULL,0,0,'0','2015-06-06 06:46:21','admin',1),('ET0100','DRIVE TO SAMCHEOK',NULL,'0','0',NULL,NULL,NULL,NULL,NULL,NULL,NULL,NULL,NULL,NULL,NULL,0,0,'0','2015-06-06 06:46:21','admin',1),('ET0101','DRIVE TO SEOUL',NULL,'0','0',NULL,NULL,NULL,NULL,NULL,NULL,NULL,NULL,NULL,NULL,NULL,0,0,'0','2015-06-06 06:46:21','admin',1),('ET0102','DRIVE TO SEOUL, THEN DROP TO HOTEL',NULL,'0','0',NULL,NULL,NULL,NULL,NULL,NULL,NULL,NULL,NULL,NULL,NULL,0,0,'0','2015-06-06 06:46:21','admin',1),('ET0103','DRIVE TO SKI RESORT',NULL,'0','0',NULL,NULL,NULL,NULL,NULL,NULL,NULL,NULL,NULL,NULL,NULL,0,0,'0','2015-06-06 06:46:21','admin',1),('ET0104','DRIVE TO SUANBO',NULL,'0','0',NULL,NULL,NULL,NULL,NULL,NULL,NULL,NULL,NULL,NULL,NULL,0,0,'0','2015-06-06 06:46:21','admin',1),('ET0105','DRIVE TO SUWON',NULL,'0','0',NULL,NULL,NULL,NULL,NULL,NULL,NULL,NULL,NULL,NULL,NULL,0,0,'0','2015-06-06 06:46:21','admin',1),('ET0106','DRIVE TO TAEBAEK',NULL,'0','0',NULL,NULL,NULL,NULL,NULL,NULL,NULL,NULL,NULL,NULL,NULL,0,0,'0','2015-06-06 06:46:21','admin',1),('ET0107','DRIVE TO WONJU',NULL,'0','0',NULL,NULL,NULL,NULL,NULL,NULL,NULL,NULL,NULL,NULL,NULL,0,0,'0','2015-06-06 06:46:21','admin',1),('ET0108','DRIVE TO YANGPYEONG',NULL,'0','0',NULL,NULL,NULL,NULL,NULL,NULL,NULL,NULL,NULL,NULL,NULL,0,0,'0','2015-06-06 06:46:21','admin',1),('ET0109','DRIVE TO YEOJU',NULL,'0','0',NULL,NULL,NULL,NULL,NULL,NULL,NULL,NULL,NULL,NULL,NULL,0,0,'0','2015-06-06 06:46:21','admin',1),('ET0110','DUTY FREE SHOP',NULL,'0','0',NULL,NULL,NULL,NULL,NULL,NULL,NULL,NULL,NULL,NULL,NULL,0,0,'0','2015-06-06 06:46:21','admin',1),('ET0111','ENJOY FULL DAY SKI (INCL SKI SUIT & EQUIPMENT) + 1 HOUR LESSON BY PROFESIONAL',NULL,'0','0',NULL,NULL,NULL,NULL,NULL,NULL,NULL,NULL,NULL,NULL,NULL,35000,35000,'0','2015-06-06 06:46:21','admin',1),('ET0112','ENJOY RELAX KOREAN SPA (JIMJILBANG)',NULL,'0','0',NULL,NULL,NULL,NULL,NULL,NULL,NULL,NULL,NULL,NULL,NULL,5000,5000,'0','2015-06-06 06:46:21','admin',1),('ET0113','ENJOY SKI (INCL SKI SUIT & GEAR, EXCLUDED LIFT FOR GUEST SAFETY)',NULL,'0','0',NULL,NULL,NULL,NULL,NULL,NULL,NULL,NULL,NULL,NULL,NULL,25000,25000,'0','2015-06-06 06:46:21','admin',1),('ET0114','EVERLAND – TULIP FESTIVAL (end of March – end of Apr)',NULL,'0','0',NULL,NULL,NULL,NULL,NULL,NULL,NULL,NULL,NULL,NULL,NULL,25000,25000,'0','2015-06-06 06:46:21','admin',1),('ET0115','EVERLAND (FREE DAY PASS)',NULL,'http://www.everland.com/','031-320-5000',NULL,NULL,NULL,NULL,NULL,NULL,NULL,NULL,NULL,NULL,NULL,22000,22000,'10:00~21:00','2015-06-06 06:46:22','admin',1),('ET0116','EVERLAND (FREE DAY PASS) - COUNT DOWN - SUBJECT TO CHANGE DEPEND ON MANAGEMENT',NULL,'http://www.everland.com/','031-320-5000',NULL,NULL,NULL,NULL,NULL,NULL,NULL,NULL,NULL,NULL,NULL,22000,22000,'10:00~21:00','2015-06-06 06:46:22','admin',1),('ET0117','EXPERIENCE CHEESE & ICE CREAM MAKING',NULL,'http://windvil.invil.org','033-336-9812',NULL,NULL,NULL,NULL,NULL,NULL,NULL,NULL,NULL,NULL,NULL,10000,10000,'09:00~18:00','2015-06-06 06:46:22','admin',1),('ET0118','EXPERIENCE CHEESE MAKING ',NULL,'0','0',NULL,NULL,NULL,NULL,NULL,NULL,NULL,NULL,NULL,NULL,NULL,5000,5000,'0','2015-06-06 06:46:22','admin',1),('ET0119','EXPERIENCE KIMCHI MAKING & HANBOK WEARING',NULL,'0','0',NULL,NULL,NULL,NULL,NULL,NULL,NULL,NULL,NULL,NULL,NULL,5000,3000,'0','2015-06-06 06:46:22','admin',1),('ET0120','EXPERIENCE KIMCHI MAKING & HANBOK WEARING + GINSENG JUICE',NULL,'0','0',NULL,NULL,NULL,NULL,NULL,NULL,NULL,NULL,NULL,NULL,NULL,5000,3000,'0','2015-06-06 06:46:22','admin',1),('ET0121','EXPERIENCE SUBWAY RIDE',NULL,'0','0',NULL,NULL,NULL,NULL,NULL,NULL,NULL,NULL,NULL,NULL,NULL,1500,1500,'0','2015-06-06 06:46:22','admin',1),('ET0122','FASHION BEAUTY EXPERIENCE (MODEL COURSE AT CATWALK)',NULL,'0','0',NULL,NULL,NULL,NULL,NULL,NULL,NULL,NULL,NULL,NULL,NULL,1500,1500,'0','2015-06-06 06:46:22','admin',1),('ET0123','FLIGHT CHECK IN',NULL,'0','0',NULL,NULL,NULL,NULL,NULL,NULL,NULL,NULL,NULL,NULL,NULL,0,0,'0','2015-06-06 06:46:22','admin',1),('ET0124','FLY BACK TO CHEONGJU',NULL,'0','0',NULL,NULL,NULL,NULL,NULL,NULL,NULL,NULL,NULL,NULL,NULL,0,0,'0','2015-06-06 06:46:22','admin',1),('ET0125','FLY BACK TO SEOUL',NULL,'0','0',NULL,NULL,NULL,NULL,NULL,NULL,NULL,NULL,NULL,NULL,NULL,0,0,'0','2015-06-06 06:46:22','admin',1),('ET0126','FLY BACK TO SEOUL, ARRIVE SEOUL PICKED UP BY OUR GUIDE',NULL,'0','0',NULL,NULL,NULL,NULL,NULL,NULL,NULL,NULL,NULL,NULL,NULL,0,0,'0','2015-06-06 06:46:22','admin',1),('ET0127','FLY TO BUSAN',NULL,'0','0',NULL,NULL,NULL,NULL,NULL,NULL,NULL,NULL,NULL,NULL,NULL,0,0,'0','2015-06-06 06:46:22','admin',1),('ET0128','FLY TO JEJU ISLAND',NULL,'0','0',NULL,NULL,NULL,NULL,NULL,NULL,NULL,NULL,NULL,NULL,NULL,0,0,'0','2015-06-06 06:46:22','admin',1),('ET0129','FREE MUSICAL FOUNTAIN SHOW (SUBJECT TO WEATHER CONDITION)',NULL,'0','0',NULL,NULL,NULL,NULL,NULL,NULL,NULL,NULL,NULL,NULL,NULL,0,0,'0','2015-06-06 06:46:22','admin',1),('ET0130','FREE ON YOUR LEISURE',NULL,'0','0',NULL,NULL,NULL,NULL,NULL,NULL,NULL,NULL,NULL,NULL,NULL,0,0,'0','2015-06-06 06:46:22','admin',1),('ET0131','FREE ON YOUR LEISURE - ENJOY LATE SNOW (DEPEND ON WEATHER)',NULL,'0','0',NULL,NULL,NULL,NULL,NULL,NULL,NULL,NULL,NULL,NULL,NULL,0,0,'0','2015-06-06 06:46:22','admin',1),('ET0132','FREE ON YOUR LEISURE (OPTIONAL SKI - EXCLUDED SKI SUIT + GEAR)',NULL,'0','0',NULL,NULL,NULL,NULL,NULL,NULL,NULL,NULL,NULL,NULL,NULL,0,0,'0','2015-06-06 06:46:22','admin',1),('ET0133','FREE ON YOUR LEISURE (OPTIONAL SKI )',NULL,'0','0',NULL,NULL,NULL,NULL,NULL,NULL,NULL,NULL,NULL,NULL,NULL,0,0,'0','2015-06-06 06:46:22','admin',1),('ET0134','FREE ON YOUR LEISURE (OPTIONAL TOUR : EVERLAND, LOTTE WORLD, ETC)',NULL,'0','0',NULL,NULL,NULL,NULL,NULL,NULL,NULL,NULL,NULL,NULL,NULL,0,0,'0','2015-06-06 06:46:22','admin',1),('ET0135','FRUIT PICKING (SEASONAL)',NULL,'0','0',NULL,NULL,NULL,NULL,NULL,NULL,NULL,NULL,NULL,NULL,NULL,8000,8000,'0','2015-06-06 06:46:22','admin',1),('ET0136','GALA DINNER',NULL,'0','0',NULL,NULL,NULL,NULL,NULL,NULL,NULL,NULL,NULL,NULL,NULL,0,0,'0','2015-06-06 06:46:23','admin',1),('ET0137','GANGNAM STREET',NULL,'0','0',NULL,NULL,NULL,NULL,NULL,NULL,NULL,NULL,NULL,NULL,NULL,0,0,'0','2015-06-06 06:46:23','admin',1),('ET0138','GANGNAM STREET, GARUSUGIL, APGUJEONG RODEO',NULL,'0','0',NULL,NULL,NULL,NULL,NULL,NULL,NULL,NULL,NULL,NULL,NULL,0,0,'0','2015-06-06 06:46:23','admin',1),('ET0139','GANGNAM UNDERGROUND SHOPPING',NULL,'0','0',NULL,NULL,NULL,NULL,NULL,NULL,NULL,NULL,NULL,NULL,NULL,0,0,'0','2015-06-06 06:46:23','admin',1),('ET0140','GINSENG CENTER',NULL,'0','0',NULL,NULL,NULL,NULL,NULL,NULL,NULL,NULL,NULL,NULL,NULL,0,0,'0','2015-06-06 06:46:23','admin',1),('ET0141','GLASS CASTLE',NULL,'http://www.jejuglasscastle.com/index.php','064-772-7777',NULL,NULL,NULL,NULL,NULL,NULL,NULL,NULL,NULL,NULL,NULL,5000,5000,'09:00~19:00','2015-06-06 06:46:23','admin',1),('ET0142','GOLGUSA TEMPLE',NULL,'http://www.jejuglasscastle.com/index.php','064-772-7777',NULL,NULL,NULL,NULL,NULL,NULL,NULL,NULL,NULL,NULL,NULL,5000,5000,'09:00~19:00','2015-06-06 06:46:23','admin',1),('ET0143','GONGSERI CATHOLIC CHURCH - built in 1890 and considered the most beautiful catholic church in Korea, Pope Francis made a visit here on his trip to Korea in 2014',NULL,'http://www.jejuglasscastle.com/index.php','064-772-7777',NULL,NULL,NULL,NULL,NULL,NULL,NULL,NULL,NULL,NULL,NULL,5000,5000,'09:00~19:00','2015-06-06 06:46:23','admin',1),('ET0144','GOSU CAVE',NULL,'http://www.kosu.or.kr/','043-422-3072',NULL,NULL,NULL,NULL,NULL,NULL,NULL,NULL,NULL,NULL,NULL,5000,4000,'09:00~17:00','2015-06-06 06:46:23','admin',1),('ET0145','GWANGBOKDONG - NAMPODONG STREET',NULL,'0','0',NULL,NULL,NULL,NULL,NULL,NULL,NULL,NULL,NULL,NULL,NULL,0,0,'0','2015-06-06 06:46:23','admin',1),('ET0146','GWANGHAMUN SQUARE, CHEONGYECHEON STREAM',NULL,'0','0',NULL,NULL,NULL,NULL,NULL,NULL,NULL,NULL,NULL,NULL,NULL,0,0,'0','2015-06-06 06:46:23','admin',1),('ET0147','GWANGHWAMUN SQUARE',NULL,'0','0',NULL,NULL,NULL,NULL,NULL,NULL,NULL,NULL,NULL,NULL,NULL,0,0,'0','2015-06-06 06:46:23','admin',1),('ET0148','GYEONGJU NATIONAL MUSEUM',NULL,'0','0',NULL,NULL,NULL,NULL,NULL,NULL,NULL,NULL,NULL,NULL,NULL,0,0,'0','2015-06-06 06:46:23','admin',1),('ET0149','HAEDONG YEONGGUNGSA TEMPLE',NULL,'0','0',NULL,NULL,NULL,NULL,NULL,NULL,NULL,NULL,NULL,NULL,NULL,0,0,'0','2015-06-06 06:46:23','admin',1),('ET0150','HAEUNDAE BEACH',NULL,'0','0',NULL,NULL,NULL,NULL,NULL,NULL,NULL,NULL,NULL,NULL,NULL,0,0,'0','2015-06-06 06:46:23','admin',1),('ET0151','HAEUNDAE BEACH, SONGDO BEACH, BUSAN SHINSEGAE CENTUM CITY DEPARTMENT STORE',NULL,'0','0',NULL,NULL,NULL,NULL,NULL,NULL,NULL,NULL,NULL,NULL,NULL,0,0,'0','2015-06-06 06:46:23','admin',1),('ET0152','HALF DAY SKI (INC SKI SUIT + GEAR)',NULL,'0','0',NULL,NULL,NULL,NULL,NULL,NULL,NULL,NULL,NULL,NULL,NULL,25000,25000,'0','2015-06-06 06:46:23','admin',1),('ET0153','HALLIM PARK',NULL,'http://www.hallimpark.co.kr/','064-796-0001',NULL,NULL,NULL,NULL,NULL,NULL,NULL,NULL,NULL,NULL,NULL,8000,8000,'08:30~18:00','2015-06-06 06:46:23','admin',1),('ET0154','HALLYU STUDIO',NULL,'0','0',NULL,NULL,NULL,NULL,NULL,NULL,NULL,NULL,NULL,NULL,NULL,4500,4500,'0','2015-06-06 06:46:23','admin',1),('ET0155','HAN RIVER CRUISE',NULL,'https://www.elandcruise.com/_KOR/index/index.asp','02-3271-6900',NULL,NULL,NULL,NULL,NULL,NULL,NULL,NULL,NULL,NULL,NULL,12000,12000,'0','2015-06-06 06:46:23','admin',1),('ET0156','HAN RIVER DINNER CRUISE',NULL,'https://www.elandcruise.com/','02-3271-6900',NULL,NULL,NULL,NULL,NULL,NULL,NULL,NULL,NULL,NULL,NULL,60000,60000,'19:30~21:00','2015-06-06 06:46:23','admin',1),('ET0157','HAN RIVER LUNCH CRUISE ',NULL,'https://www.elandcruise.com/','02-3271-6900',NULL,NULL,NULL,NULL,NULL,NULL,NULL,NULL,NULL,NULL,NULL,30000,25000,'11:30~12:40','2015-06-06 06:46:23','admin',1),('ET0158','HAN RIVER PARK',NULL,'0','0',NULL,NULL,NULL,NULL,NULL,NULL,NULL,NULL,NULL,NULL,NULL,0,0,'0','2015-06-06 06:46:23','admin',1),('ET0159','HEALTHY LIVER',NULL,'0','0',NULL,NULL,NULL,NULL,NULL,NULL,NULL,NULL,NULL,NULL,NULL,0,0,'0','2015-06-06 06:46:23','admin',1),('ET0160','HELLO KITTY ISLAND',NULL,'http://www.hellokittyisland.co.kr/index.asp','064-792-6114',NULL,NULL,NULL,NULL,NULL,NULL,NULL,NULL,NULL,NULL,NULL,6000,6000,'09:00~18:00','2015-06-06 06:46:23','admin',1),('ET0161','HERB HILLZ',NULL,'http://www.herbhillz.com/h_main/','053-767-6300',NULL,NULL,NULL,NULL,NULL,NULL,NULL,NULL,NULL,NULL,NULL,5000,5000,'09:30~19:00','2015-06-06 06:46:23','admin',1),('ET0162','HERB NARA FARM',NULL,'http://www.herbnara.com/default/','033-335-2902',NULL,NULL,NULL,NULL,NULL,NULL,NULL,NULL,NULL,NULL,NULL,5000,5000,'09:00~18:00','2015-06-06 06:46:23','admin',1),('ET0163','HIGH SPEED RAIL COASTER RIDE + AN IN CLINE RAILWAY + SWITCH BACK RAILWAY',NULL,'http://www.herbnara.com/default/','033-335-2902',NULL,NULL,NULL,NULL,NULL,NULL,NULL,NULL,NULL,NULL,NULL,5000,5000,'09:00~18:00','2015-06-06 06:46:23','admin',1),('ET0164','HIGH SPEED RAIL COASTER RIDE + AN IN CLINE RAILWAY + SWITCH BACK RAILWAY RIDE CHOCHO PARK - DOGAE STATION ',NULL,'http://www.herbnara.com/default/','033-335-2902',NULL,NULL,NULL,NULL,NULL,NULL,NULL,NULL,NULL,NULL,NULL,5000,5000,'09:00~18:00','2015-06-06 06:46:23','admin',1),('ET0165','HONGDAE SHOPPING',NULL,'0','0',NULL,NULL,NULL,NULL,NULL,NULL,NULL,NULL,NULL,NULL,NULL,0,0,'0','2015-06-06 06:46:23','admin',1),('ET0166','HORSE RIDING',NULL,'0','0',NULL,NULL,NULL,NULL,NULL,NULL,NULL,NULL,NULL,NULL,NULL,5000,5000,'0','2015-06-06 06:46:24','admin',1),('ET0167','HOTEL BREAKFAST',NULL,'0','0',NULL,NULL,NULL,NULL,NULL,NULL,NULL,NULL,NULL,NULL,NULL,0,0,'0','2015-06-06 06:46:24','admin',1),('ET0168','HOTEL CHECK IN',NULL,'0','0',NULL,NULL,NULL,NULL,NULL,NULL,NULL,NULL,NULL,NULL,NULL,0,0,'0','2015-06-06 06:46:24','admin',1),('ET0169','HOTEL CHECK IN (OWN ARRANGEMENT - NO GUIDE ASSISTANT)',NULL,'0','0',NULL,NULL,NULL,NULL,NULL,NULL,NULL,NULL,NULL,NULL,NULL,0,0,'0','2015-06-06 06:46:24','admin',1),('ET0170','HOTEL CHECK OUT TIME 12:00, KEEP YOUR LUGGAGE TO HOTEL CONCIERGE TILL DEPARTURE TIME',NULL,'0','0',NULL,NULL,NULL,NULL,NULL,NULL,NULL,NULL,NULL,NULL,NULL,0,0,'0','2015-06-06 06:46:24','admin',1),('ET0171','HUGANBAO SHOWROOM',NULL,'0','0',NULL,NULL,NULL,NULL,NULL,NULL,NULL,NULL,NULL,NULL,NULL,0,0,'0','2015-06-06 06:46:24','admin',1),('ET0172','HWASEONG FORTRESS',NULL,'http://www.swcf.or.kr/?goPage=14 ','031-228-4686',NULL,NULL,NULL,NULL,NULL,NULL,NULL,NULL,NULL,NULL,NULL,1500,1500,'09:00~18:00','2015-06-06 06:46:24','admin',1),('ET0173','HYUNDAI AUTO COMPANY',NULL,'0','0',NULL,NULL,NULL,NULL,NULL,NULL,NULL,NULL,NULL,NULL,NULL,0,0,'0','2015-06-06 06:46:24','admin',1),('ET0174','ICE GALLERY + BUCKET LIST ART (TRICK ART MUSEUM)',NULL,'http://jejuicemuseum.com/','064-742-3700',NULL,NULL,NULL,NULL,NULL,NULL,NULL,NULL,NULL,NULL,NULL,5000,5000,'0','2015-06-06 06:46:24','admin',1),('ET0175','ICE GALLERY INC ICE SCULPTURE + BUCKET LIST ART',NULL,'http://jejuicemuseum.com/','064-742-3700',NULL,NULL,NULL,NULL,NULL,NULL,NULL,NULL,NULL,NULL,NULL,7000,7000,'0','2015-06-06 06:46:24','admin',1),('ET0176','ICE GALLERY INC ICE SCULPTURE + BUCKET LIST ART + 5D HOROR MOVIE',NULL,'http://jejuicemuseum.com/','064-742-3700',NULL,NULL,NULL,NULL,NULL,NULL,NULL,NULL,NULL,NULL,NULL,10000,10000,'0','2015-06-06 06:46:24','admin',1),('ET0177','ICE MUSEUM',NULL,'0','064-742-3700',NULL,NULL,NULL,NULL,NULL,NULL,NULL,NULL,NULL,NULL,NULL,5000,5000,'09:00~20:00','2015-06-06 06:46:24','admin',1),('ET0178','ICE MUSEUM + BUCKET LIST ART (3D ILLUSION ART MUSEUM) + 5D FANTASY WORLD',NULL,'http://jejuicemuseum.com/','064-742-3700',NULL,NULL,NULL,NULL,NULL,NULL,NULL,NULL,NULL,NULL,NULL,10000,10000,'09:00~20:00','2015-06-06 06:46:24','admin',1),('ET0179','ICE MUSEUM + BUCKET LIST ART (3D TRICK ART MUSEUM) ',NULL,'http://jejuicemuseum.com/','064-742-3700',NULL,NULL,NULL,NULL,NULL,NULL,NULL,NULL,NULL,NULL,NULL,10000,6000,'09:00~20:00','2015-06-06 06:46:24','admin',1),('ET0180','ILLCHULAND',NULL,'http://www.ilchulland.com/','064-784-2080',NULL,NULL,NULL,NULL,NULL,NULL,NULL,NULL,NULL,NULL,NULL,3000,3000,'08:30~18:00','2015-06-06 06:46:24','admin',1),('ET0181','ILLCHULAND - Running Man\'s shooting location',NULL,'http://www.ilchulland.com/','064-784-2080',NULL,NULL,NULL,NULL,NULL,NULL,NULL,NULL,NULL,NULL,NULL,3000,3000,'08:30~18:00','2015-06-06 06:46:24','admin',1),('ET0182','In Korea spring comes first to Jeju-do Island. From February the startling yellow yuchae (canola) flowers start to bloom, making Jeju’s spectacular landscape even more arresting, stop by CANOLA FARM for take a photo, View RAPESEED FLOWER FESTIVAL ',NULL,'http://www.ilchulland.com/','064-784-2080',NULL,NULL,NULL,NULL,NULL,NULL,NULL,NULL,NULL,NULL,NULL,3000,3000,'08:30~18:00','2015-06-06 06:46:24','admin',1),('ET0183','INSADONG ANTIQUE & ARTS STREET',NULL,'0','0',NULL,NULL,NULL,NULL,NULL,NULL,NULL,NULL,NULL,NULL,NULL,0,0,'0','2015-06-06 06:46:24','admin',1),('ET0184','ITAEWON',NULL,'0','0',NULL,NULL,NULL,NULL,NULL,NULL,NULL,NULL,NULL,NULL,NULL,0,0,'0','2015-06-06 06:46:24','admin',1),('ET0185','JADE GARDEN',NULL,'http://www.hanwharesort.co.kr/irsweb/resort3/tpark/tp_intro.asp?tp_cd=0400','033-260-8300',NULL,NULL,NULL,NULL,NULL,NULL,NULL,NULL,NULL,NULL,NULL,5000,5000,'09:00~19:30','2015-06-06 06:46:24','admin',1),('ET0186','JEJU \"THE ARK CHURCH\" by Itamijun (Korean Japan Architect)',NULL,'http://www.hanwharesort.co.kr/irsweb/resort3/tpark/tp_intro.asp?tp_cd=0400','033-260-8300',NULL,NULL,NULL,NULL,NULL,NULL,NULL,NULL,NULL,NULL,NULL,5000,5000,'09:00~19:30','2015-06-06 06:46:24','admin',1),('ET0187','JEJU AQUA PLANET (INCL OCEAN ARENA SHOW 11:10 ; 13:00 ; 15:00 ; 17:00)',NULL,'http://www.aquaplanet.co.kr','064-780-0900',NULL,NULL,NULL,NULL,NULL,NULL,NULL,NULL,NULL,NULL,NULL,20000,20000,'10:00~19:00','2015-06-06 06:46:24','admin',1),('ET0188','JEJU FOLKLORE NATURAL HISTORY MUSEUM',NULL,'http://museum.jeju.go.kr/ ','064-710-7708',NULL,NULL,NULL,NULL,NULL,NULL,NULL,NULL,NULL,NULL,NULL,1500,1500,'08:30~18:00','2015-06-06 06:46:24','admin',1),('ET0189','JEJU GEOMUNOREUM LAVA TUBE SYSTEM',NULL,'http://wnhcenter.jeju.go.kr/','064-728-3123',NULL,NULL,NULL,NULL,NULL,NULL,NULL,NULL,NULL,NULL,NULL,2000,1600,'09:00~13:00','2015-06-06 06:46:24','admin',1),('ET0190','JEJU MINI LAND',NULL,'0','0',NULL,NULL,NULL,NULL,NULL,NULL,NULL,NULL,NULL,NULL,NULL,9000,6000,'0','2015-06-06 06:46:24','admin',1),('ET0191','JEJU PHOENIX ISLAND - \"Korea\'s most unique accommodation\" - One unique aspect of the resort is the way it allows you to explore famouse work by celebrated architect from around the world \"Mario Botta\" - \"Tadao Ando\" ',NULL,'0','0',NULL,NULL,NULL,NULL,NULL,NULL,NULL,NULL,NULL,NULL,NULL,9000,6000,'0','2015-06-06 06:46:24','admin',1),('ET0192','JEJU STONE PARK',NULL,'http://www.jejustonepark.com/ ','064-710-7731',NULL,NULL,NULL,NULL,NULL,NULL,NULL,NULL,NULL,NULL,NULL,5000,4000,'09:00~18:00','2015-06-06 06:46:25','admin',1),('ET0193','JEJU TOP DONG UNDERGROUND SHOPPING',NULL,'0','0',NULL,NULL,NULL,NULL,NULL,NULL,NULL,NULL,NULL,NULL,NULL,0,0,'0','2015-06-06 06:46:25','admin',1),('ET0194','JEONGBANG WATER FALL',NULL,'0','0',NULL,NULL,NULL,NULL,NULL,NULL,NULL,NULL,NULL,NULL,NULL,0,0,'0','2015-06-06 06:46:25','admin',1),('ET0195','JEONGDONGJIN - GIANT GLASS HOUR PARK',NULL,'0','0',NULL,NULL,NULL,NULL,NULL,NULL,NULL,NULL,NULL,NULL,NULL,0,0,'0','2015-06-06 06:46:25','admin',1),('ET0196','JEONJU HANJI MUSEUM (INCL DIY HANJI - KOREA TRADITIONAL PAPER)',NULL,'http://www.hanjimuseum.co.kr/','0',NULL,NULL,NULL,NULL,NULL,NULL,NULL,NULL,NULL,NULL,NULL,0,0,'0','2015-06-06 06:46:25','admin',1),('ET0197','JEONJU HANOK VILLAGE',NULL,'0','0',NULL,NULL,NULL,NULL,NULL,NULL,NULL,NULL,NULL,NULL,NULL,0,0,'0','2015-06-06 06:46:25','admin',1),('ET0198','JINHAE – KOREA’S LARGEST CHERRY BLOSSOMS FESTIVAL, (1 – 10 APRIL DEPEND ON WEATHER),',NULL,'0','0',NULL,NULL,NULL,NULL,NULL,NULL,NULL,NULL,NULL,NULL,NULL,0,0,'0','2015-06-06 06:46:25','admin',1),('ET0199','JOGYESA TEMPLE',NULL,'0','0',NULL,NULL,NULL,NULL,NULL,NULL,NULL,NULL,NULL,NULL,NULL,0,0,'0','2015-06-06 06:46:25','admin',1),('ET0200','JOINT MORNING CHAPEL SERVICE YEOIDO FULL GOSPEL CHURCH',NULL,'0','0',NULL,NULL,NULL,NULL,NULL,NULL,NULL,NULL,NULL,NULL,NULL,0,0,'0','2015-06-06 06:46:25','admin',1),('ET0201','JUMP SHOW',NULL,'http://www.yegam.com/jump/kor/','02-722-3995',NULL,NULL,NULL,NULL,NULL,NULL,NULL,NULL,NULL,NULL,NULL,24000,20000,'? 20:00 ?-? 16:00 20:00 ? 15:00 18:00','2015-06-06 06:46:25','admin',1),('ET0202','JUSANGJEOLLI CLIFF',NULL,'http://www.jejutour.go.kr/contents/index.2013.php?act=view&mid=TU&seq=296','064-760-6351',NULL,NULL,NULL,NULL,NULL,NULL,NULL,NULL,NULL,NULL,NULL,2000,1600,'08:00~18:00','2015-06-06 06:46:25','admin',1),('ET0203','KANGWON LAND TUBBY SLADE (SUMMER SKI)',NULL,'http://www.high1.com/playInfo/play-list.high1?tab=1#contentPoint','0',NULL,NULL,NULL,NULL,NULL,NULL,NULL,NULL,NULL,NULL,NULL,5000,3000,'0','2015-06-06 06:46:25','admin',1),('ET0204','KANGWONLAND \"CINEMA HIGHLIGHT\"  FREE SHOW (NO SHOW EVERY MONDAY), CASINO',NULL,'0','0',NULL,NULL,NULL,NULL,NULL,NULL,NULL,NULL,NULL,NULL,NULL,0,0,'0','2015-06-06 06:46:25','admin',1),('ET0205','KANGWONLAND ALPINE COASTER',NULL,'0','0',NULL,NULL,NULL,NULL,NULL,NULL,NULL,NULL,NULL,NULL,NULL,7000,4000,'0','2015-06-06 06:46:25','admin',1),('ET0206','KANGWONLAND SKY WALK',NULL,'http://www.ariihills.co.kr/','033-563-4100',NULL,NULL,NULL,NULL,NULL,NULL,NULL,NULL,NULL,NULL,NULL,5000,5000,'09:00~18:00','2015-06-06 06:46:25','admin',1),('ET0207','KANGWONLAND TOURIST GONDOLA',NULL,'http://www.high1.com/playInfo/play-list.high1?tab=1#contentPoint','0',NULL,NULL,NULL,NULL,NULL,NULL,NULL,NULL,NULL,NULL,NULL,3000,3000,'0','2015-06-06 06:46:25','admin',1),('ET0208','KBS STUDIO (PRIOR RESERVATION NEEDED)',NULL,'0','0',NULL,NULL,NULL,NULL,NULL,NULL,NULL,NULL,NULL,NULL,NULL,0,0,'0','2015-06-06 06:46:25','admin',1),('ET0209','KBS STUDIO (PRIOR RESERVATION NEEDED), YEOIDO GARDEN',NULL,'0','0',NULL,NULL,NULL,NULL,NULL,NULL,NULL,NULL,NULL,NULL,NULL,0,0,'0','2015-06-06 06:46:25','admin',1),('ET0210','KOREA FOLK VILLAGE',NULL,'http://www.koreanfolk.co.kr/','031-288-1709',NULL,NULL,NULL,NULL,NULL,NULL,NULL,NULL,NULL,NULL,NULL,13000,13000,'09:30~18:00','2015-06-06 06:46:25','admin',1),('ET0211','KTX RIDE (BUSAN - SEOUL) ',NULL,'0','0',NULL,NULL,NULL,NULL,NULL,NULL,NULL,NULL,NULL,NULL,NULL,57300,55000,'0','2015-06-06 06:46:25','admin',1),('ET0212','KTX RIDE (DONG DAEGU - SEOUL ) - ECONOMY CLASS',NULL,'0','0',NULL,NULL,NULL,NULL,NULL,NULL,NULL,NULL,NULL,NULL,NULL,39500,39500,'0','2015-06-06 06:46:25','admin',1),('ET0213','KUKJE MARKET',NULL,'0','0',NULL,NULL,NULL,NULL,NULL,NULL,NULL,NULL,NULL,NULL,NULL,0,0,'0','2015-06-06 06:46:25','admin',1),('ET0214','LEEUM SAMSUNG MUSEUM OF ART - designed by Internationally renowned architects Mario Botta, Jean Nouvel and Rem Koolhaas.',NULL,'0','0',NULL,NULL,NULL,NULL,NULL,NULL,NULL,NULL,NULL,NULL,NULL,0,0,'0','2015-06-06 06:46:25','admin',1),('ET0215','LOCAL REST BREAKFAST',NULL,'0','0',NULL,NULL,NULL,NULL,NULL,NULL,NULL,NULL,NULL,NULL,NULL,0,0,'0','2015-06-06 06:46:25','admin',1),('ET0216','LOTTE DUTY FREE SHOP',NULL,'0','0',NULL,NULL,NULL,NULL,NULL,NULL,NULL,NULL,NULL,NULL,NULL,0,0,'0','2015-06-06 06:46:25','admin',1),('ET0217','LOTTE WORLD (FREE DAY PASS)',NULL,'http://www.lotteworld.com/index.asp','02-411-2000',NULL,NULL,NULL,NULL,NULL,NULL,NULL,NULL,NULL,NULL,NULL,22000,22000,'09:00~22:00','2015-06-06 06:46:25','admin',1),('ET0218','LOVE LAND (ADULT ONLY)',NULL,'http://www.jejuloveland.com/','064-712-6988',NULL,NULL,NULL,NULL,NULL,NULL,NULL,NULL,NULL,NULL,NULL,8000,4500,'09:00~23:00','2015-06-06 06:46:25','admin',1),('ET0219','LUNCH',NULL,'0','0',NULL,NULL,NULL,NULL,NULL,NULL,NULL,NULL,NULL,NULL,NULL,0,0,'0','2015-06-06 06:46:26','admin',1),('ET0220','LUNCH THEN CONTINUED WITH SHOPPING AT KOREA FOOD & SOUVENIR GROCERIES',NULL,'0','0',NULL,NULL,NULL,NULL,NULL,NULL,NULL,NULL,NULL,NULL,NULL,0,0,'0','2015-06-06 06:46:26','admin',1),('ET0221','MANJANGUL CAVE',NULL,'http://www.jejutour.go.kr/contents/?act=view&mid=TU&seq=246','064-710-7903',NULL,NULL,NULL,NULL,NULL,NULL,NULL,NULL,NULL,NULL,NULL,2500,1600,'09:00~18:00','2015-06-06 06:46:26','admin',1),('ET0222','MARIONETTE',NULL,'http://www.63.co.kr/home/63CITY/imax/show/view.do?gb=B&lang=ko','02-789-5663',NULL,NULL,NULL,NULL,NULL,NULL,NULL,NULL,NULL,NULL,NULL,12000,12000,'0.833333333333333','2015-06-06 06:46:26','admin',1),('ET0223','MAZE PARK',NULL,'http://www.mazeland.co.kr/','064-784-3838',NULL,NULL,NULL,NULL,NULL,NULL,NULL,NULL,NULL,NULL,NULL,3300,2500,'09:00~19:00','2015-06-06 06:46:26','admin',1),('ET0224','MEDITERRANEAN VILLAGE - was modeled on Santorini and the Parthenon in Greece and the Provence region of France.',NULL,'','',NULL,NULL,NULL,NULL,NULL,NULL,NULL,NULL,NULL,NULL,NULL,0,0,'','2015-06-06 06:46:26','admin',1),('ET0225','MIRROR MAZE PARK',NULL,'http://www.mazeland.co.kr/','064-784-3838',NULL,NULL,NULL,NULL,NULL,NULL,NULL,NULL,NULL,NULL,NULL,3300,2500,'09:00~19:00','2015-06-06 06:46:26','admin',1),('ET0226','MORNING CALL & PREPARATION',NULL,'0','0',NULL,NULL,NULL,NULL,NULL,NULL,NULL,NULL,NULL,NULL,NULL,0,0,'0','2015-06-06 06:46:26','admin',1),('ET0227','MT. DAEDUN INC CABLE CAR, BRIDGE CLOUD',NULL,'http://www.daedunsancablecar.com/','063-263-6621',NULL,NULL,NULL,NULL,NULL,NULL,NULL,NULL,NULL,NULL,NULL,8500,8500,'09:00~18:00','2015-06-06 06:46:26','admin',1),('ET0228','MT. SANBANG - SANBANGGULSA GROTTO',NULL,'http://www.jejutour.go.kr/contents/?mid=TU&act=view&mode=1&seq=568','064-794-2940',NULL,NULL,NULL,NULL,NULL,NULL,NULL,NULL,NULL,NULL,NULL,2500,2500,'08:30~18:00','2015-06-06 06:46:26','admin',1),('ET0229','MT. SORAK NATIONAL PARK incl GRAND BRONZE BUDHA, SHINHEUNGSA TEMPLE, ( EXC GWONGEUMSEONG CABLE CAR - SAFETY CHECK)',NULL,'http://www.sinheungsa.kr/','033-636-7044',NULL,NULL,NULL,NULL,NULL,NULL,NULL,NULL,NULL,NULL,NULL,3500,3500,'0','2015-06-06 06:46:26','admin',1),('ET0230','MT. SORAK NATIONAL PARK incl GRAND BRONZE BUDHA, SHINHEUNGSA TEMPLE, GWONGEUMSEONG CABLE CAR',NULL,'http://www.sorakcablecar.co.kr/','033-636-4300',NULL,NULL,NULL,NULL,NULL,NULL,NULL,NULL,NULL,NULL,NULL,12500,12500,'0','2015-06-06 06:46:26','admin',1),('ET0231','MT. SORAK NATIONAL PARK, INCLUDING GRAND BRONZE BUDHA, SINHEUNGSA TEMPLE',NULL,'0','0',NULL,NULL,NULL,NULL,NULL,NULL,NULL,NULL,NULL,NULL,NULL,3500,3500,'0','2015-06-06 06:46:26','admin',1),('ET0232','MUSIC SHOW WEDDING',NULL,'http://nanta.i-pmc.co.kr/nanta/kr/Wedding/AboutWedding.aspx','02-739-8288',NULL,NULL,NULL,NULL,NULL,NULL,NULL,NULL,NULL,NULL,NULL,24000,20000,'?-? 20:00 ?17:00 20:00 ?17:00','2015-06-06 06:46:26','admin',1),('ET0233','MYEONGDONG - NAMDAEMUN',NULL,'0','0',NULL,NULL,NULL,NULL,NULL,NULL,NULL,NULL,NULL,NULL,NULL,0,0,'09:00~21:00','2015-06-06 06:46:26','admin',1),('ET0234','MYEONGDONG SHOPPING',NULL,'0','0',NULL,NULL,NULL,NULL,NULL,NULL,NULL,NULL,NULL,NULL,NULL,0,0,'0','2015-06-06 06:46:26','admin',1),('ET0235','MYSTERIOUS ROAD',NULL,'0','0',NULL,NULL,NULL,NULL,NULL,NULL,NULL,NULL,NULL,NULL,NULL,0,0,'0','2015-06-06 06:46:26','admin',1),('ET0236','MYSTERIOUS ROAD, YONGDUAM HEAD ROCK',NULL,'0','0',NULL,NULL,NULL,NULL,NULL,NULL,NULL,NULL,NULL,NULL,NULL,0,0,'0','2015-06-06 06:46:26','admin',1),('ET0237','N SEOUL TOWER - INC HANKOOK BUFFET',NULL,'0','0',NULL,NULL,NULL,NULL,NULL,NULL,NULL,NULL,NULL,NULL,NULL,30000,30000,'0','2015-06-06 06:46:26','admin',1),('ET0238','N SEOUL TOWER - INC LIFT TO OBSERVATORY',NULL,'http://www.nseoultower.com/','02-3455-9277',NULL,NULL,NULL,NULL,NULL,NULL,NULL,NULL,NULL,NULL,NULL,10000,8000,'10:00~23:00','2015-06-06 06:46:26','admin',1),('ET0239','N SEOUL TOWER - LOVE LOCK PARK',NULL,'0','0',NULL,NULL,NULL,NULL,NULL,NULL,NULL,NULL,NULL,NULL,NULL,0,0,'0','2015-06-06 06:46:26','admin',1),('ET0240','NAMI ISLAND - Winter Sonata\'s shooting location',NULL,'http://www.namisum.com/','0',NULL,NULL,NULL,NULL,NULL,NULL,NULL,NULL,NULL,NULL,NULL,10000,8000,'07:30~21:40','2015-06-06 06:46:26','admin',1),('ET0241','NAMSAN HANOK VILLAGE',NULL,'0','0',NULL,NULL,NULL,NULL,NULL,NULL,NULL,NULL,NULL,NULL,NULL,0,0,'0','2015-06-06 06:46:26','admin',1),('ET0242','NAMSAN HANOK VILLAGE, N SEOUL TOWER (INCL LIFT TO OBSERVATORY)',NULL,'http://hanokmaeul.seoul.go.kr/','02-3455-9277',NULL,NULL,NULL,NULL,NULL,NULL,NULL,NULL,NULL,NULL,NULL,8000,8000,'0','2015-06-06 06:46:26','admin',1),('ET0243','NANTA SHOW',NULL,'http://nanta.i-pmc.co.kr/Nanta/kr/Intro.aspx','02-739-8288',NULL,NULL,NULL,NULL,NULL,NULL,NULL,NULL,NULL,NULL,NULL,24000,20000,'17:00 20:00','2015-06-06 06:46:26','admin',1),('ET0244','NATIONAL TYPHOON CENTER',NULL,'0','0',NULL,NULL,NULL,NULL,NULL,NULL,NULL,NULL,NULL,NULL,NULL,0,0,'0','2015-06-06 06:46:27','admin',1),('ET0245','NATURAL HERB SHOWROOM',NULL,'0','0',NULL,NULL,NULL,NULL,NULL,NULL,NULL,NULL,NULL,NULL,NULL,0,0,'0','2015-06-06 06:46:27','admin',1),('ET0246','NURIMARU APEC',NULL,'0','0',NULL,NULL,NULL,NULL,NULL,NULL,NULL,NULL,NULL,NULL,NULL,0,0,'0','2015-06-06 06:46:27','admin',1),('ET0247','OCEAN 700 WATER THEME PARK (prepare swimming suit & cap)',NULL,'http://www.alpensiaresort.co.kr/AlOcean700Intro.gdc','033-339-0126',NULL,NULL,NULL,NULL,NULL,NULL,NULL,NULL,NULL,NULL,NULL,12000,12000,'0','2015-06-06 06:46:27','admin',1),('ET0248','OCEAN RAIL BIKE RIDE',NULL,'http://www.oceanrailbike.com/','033-576-0656',NULL,NULL,NULL,NULL,NULL,NULL,NULL,NULL,NULL,NULL,NULL,15000,10000,'08:30, 10:20, 12:10, 14:20, 16:10 HIGH SEASON 18:10','2015-06-06 06:46:27','admin',1),('ET0249','OEAM FOLK VILLAGE - was founded by the Lee family over 500 years ago and the decendents of the Lee family still live in today.',NULL,'0','0',NULL,NULL,NULL,NULL,NULL,NULL,NULL,NULL,NULL,NULL,NULL,0,0,'0','2015-06-06 06:46:27','admin',1),('ET0250','OEDOLGAE',NULL,'0','0',NULL,NULL,NULL,NULL,NULL,NULL,NULL,NULL,NULL,NULL,NULL,0,0,'???','2015-06-06 06:46:27','admin',1),('ET0251','OFFICIAL VISIT',NULL,'0','0',NULL,NULL,NULL,NULL,NULL,NULL,NULL,NULL,NULL,NULL,NULL,0,0,'0','2015-06-06 06:46:27','admin',1),('ET0252','ONEMOUNT SNOWPARK (INCL ENTRANCE TICKET + SUIT + SAFETY GLOVE)',NULL,'http://www.onemount.co.kr/','1566-2232',NULL,NULL,NULL,NULL,NULL,NULL,NULL,NULL,NULL,NULL,NULL,15000,14000,'???? ?????','2015-06-06 06:46:27','admin',1),('ET0253','OSANRI PRAYER MORNING (BY YEOIDO FULL GOSPEL CHURCH)',NULL,'0','0',NULL,NULL,NULL,NULL,NULL,NULL,NULL,NULL,NULL,NULL,NULL,0,0,'0','2015-06-06 06:46:27','admin',1),('ET0254','O\'SULLOC TEA MUSEUM',NULL,'0','0',NULL,NULL,NULL,NULL,NULL,NULL,NULL,NULL,NULL,NULL,NULL,0,0,'???????','2015-06-06 06:46:27','admin',1),('ET0255','OVERNIGHT AT PRAYER MOUNTAIN',NULL,'0','0',NULL,NULL,NULL,NULL,NULL,NULL,NULL,NULL,NULL,NULL,NULL,0,0,'0','2015-06-06 06:46:27','admin',1),('ET0256','PAINTERS HERO SHOW',NULL,'0','0',NULL,NULL,NULL,NULL,NULL,NULL,NULL,NULL,NULL,NULL,NULL,0,0,'0','2015-06-06 06:46:27','admin',1),('ET0257','PAJU PREMIUM OUTLET',NULL,'0','0',NULL,NULL,NULL,NULL,NULL,NULL,NULL,NULL,NULL,NULL,NULL,0,0,'?????????','2015-06-06 06:46:27','admin',1),('ET0258','PANMUNJEOM',NULL,'http://www.jsatour.com/kor/main.asp','02-2269-8478',NULL,NULL,NULL,NULL,NULL,NULL,NULL,NULL,NULL,NULL,NULL,84000,77000,'??? JSA??','2015-06-06 06:46:27','admin',1),('ET0259','PASS BY GWANGAN BRIDGE, GWANGALLI BEACH',NULL,'0','0',NULL,NULL,NULL,NULL,NULL,NULL,NULL,NULL,NULL,NULL,NULL,0,0,'????(????????)','2015-06-06 06:46:27','admin',1),('ET0260','PASS BY GWANGAN BRIDGE,HAEUNDAE BEACH, NURIMARU APEC',NULL,'0','0',NULL,NULL,NULL,NULL,NULL,NULL,NULL,NULL,NULL,NULL,NULL,0,0,'0','2015-06-06 06:46:27','admin',1),('ET0261','pass by THE BLUE HOUSE, visit NATIONAL FOLKLORE MUSEUM, GYEONGBOK PALACE',NULL,'http://www.royalpalace.go.kr/','02-3700-3900',NULL,NULL,NULL,NULL,NULL,NULL,NULL,NULL,NULL,NULL,NULL,3000,2400,'09:00~18:00','2015-06-06 06:46:27','admin',1),('ET0262','PETITE FRANCE',NULL,'http://www.pfcamp.com/','031-584-8200',NULL,NULL,NULL,NULL,NULL,NULL,NULL,NULL,NULL,NULL,NULL,8000,6000,'09:00~18:00','2015-06-06 06:46:27','admin',1),('ET0263','PHOENIX PARK',NULL,'0','0',NULL,NULL,NULL,NULL,NULL,NULL,NULL,NULL,NULL,NULL,NULL,0,0,'0','2015-06-06 06:46:27','admin',1),('ET0264','PICKED UP BY DRIVER THEN DROP TO AIRPORT (NO ASSISTANT FOR FLIGHT CHECK IN)',NULL,'0','0',NULL,NULL,NULL,NULL,NULL,NULL,NULL,NULL,NULL,NULL,NULL,0,0,'0','2015-06-06 06:46:27','admin',1),('ET0265','PICKED UP BY DRIVER THEN DROP TO HOTEL (NO ASSISTANT FOR HOTEL CHECK IN)',NULL,'0','0',NULL,NULL,NULL,NULL,NULL,NULL,NULL,NULL,NULL,NULL,NULL,0,0,'0','2015-06-06 06:46:27','admin',1),('ET0266','PICKED UP BY OUR DRIVER ONLY (NO GUIDE), THEN DROP TO JEJU AIRPORT ',NULL,'0','0',NULL,NULL,NULL,NULL,NULL,NULL,NULL,NULL,NULL,NULL,NULL,0,0,'0','2015-06-06 06:46:27','admin',1),('ET0267','PICKED UP BY OUR DRIVER ONLY (NO GUIDE), THEN DROP TO KIMPO AIRPORT ',NULL,'0','0',NULL,NULL,NULL,NULL,NULL,NULL,NULL,NULL,NULL,NULL,NULL,0,0,'0','2015-06-06 06:46:27','admin',1),('ET0268','PLAYDOCCI INDOOR SKI (INC SKI GEAR + SUIT)',NULL,'http://www.playdoci.com/','1577-5773',NULL,NULL,NULL,NULL,NULL,NULL,NULL,NULL,NULL,NULL,NULL,15000,15000,'0','2015-06-06 06:46:27','admin',1),('ET0269','PLAYDOCCI WATER THEME PARK (prepare swimming suit & cap)',NULL,'http://www.playdoci.com/','032-310-8212',NULL,NULL,NULL,NULL,NULL,NULL,NULL,NULL,NULL,NULL,NULL,15000,15000,'0','2015-06-06 06:46:27','admin',1),('ET0270','PORORO LAND',NULL,'http://www.pororopark.com/','1661-6371',NULL,NULL,NULL,NULL,NULL,NULL,NULL,NULL,NULL,NULL,NULL,5000,5000,'10:00~20:00','2015-06-06 06:46:27','admin',1),('ET0271','RAIL BIKE RIDE',NULL,'http://www.railpark.co.kr/','033-245-1000',NULL,NULL,NULL,NULL,NULL,NULL,NULL,NULL,NULL,NULL,NULL,12500,10000,'9:00~18:00 ?????','2015-06-06 06:46:27','admin',1),('ET0272','RAISIN TREE (= HEALTHY LIVER SHOP)',NULL,'0','0',NULL,NULL,NULL,NULL,NULL,NULL,NULL,NULL,NULL,NULL,NULL,0,0,'0','2015-06-06 06:46:27','admin',1),('ET0273','RETURN YOUR SKI GEAR (MUST RETURN ON GROUP)',NULL,'0','0',NULL,NULL,NULL,NULL,NULL,NULL,NULL,NULL,NULL,NULL,NULL,0,0,'0','2015-06-06 06:46:27','admin',1),('ET0274','SACHOOM SHOW',NULL,'http://www.lovedance.co.kr/','02-3676-7616',NULL,NULL,NULL,NULL,NULL,NULL,NULL,NULL,NULL,NULL,NULL,24000,20000,'?-? 20:00 ?16:00 19:30 ?16:00 ','2015-06-06 06:46:28','admin',1),('ET0275','SAMSUNG DELIGHT',NULL,'0','0',NULL,NULL,NULL,NULL,NULL,NULL,NULL,NULL,NULL,NULL,NULL,0,0,'0','2015-06-06 06:46:28','admin',1),('ET0276','SANBANGSAN LAVA DOME',NULL,'0','064-794-2940',NULL,NULL,NULL,NULL,NULL,NULL,NULL,NULL,NULL,NULL,NULL,2500,1600,'0','2015-06-06 06:46:28','admin',1),('ET0277','SANGUMBURI CRATER',NULL,'0','0',NULL,NULL,NULL,NULL,NULL,NULL,NULL,NULL,NULL,NULL,NULL,0,0,'0','2015-06-06 06:46:28','admin',1),('ET0278','SCHOOL EXCHANGE : ON SITE TUDY OF BASALTIC ROCK AND LANDFORM WHICH INCLUDE COLUMNAR JOINTING, SHIELD VOLCANO AND JEJU STREAM',NULL,'0','0',NULL,NULL,NULL,NULL,NULL,NULL,NULL,NULL,NULL,NULL,NULL,0,0,'0','2015-06-06 06:46:28','admin',1),('ET0279','SEA TRAIN (JEONGDONGJIN - SAMCHEOK)',NULL,'http://www.seatrain.co.kr/','033-573-5474',NULL,NULL,NULL,NULL,NULL,NULL,NULL,NULL,NULL,NULL,NULL,12000,12000,'WEEKEND 07:10 10:34 14:10 WEEKDAY 10:34 14:10','2015-06-06 06:46:28','admin',1),('ET0280','SEOKGURAM GROTTO',NULL,'http://www.sukgulam.org/','054-746-9933',NULL,NULL,NULL,NULL,NULL,NULL,NULL,NULL,NULL,NULL,NULL,4000,4000,'07:00~17:00 ','2015-06-06 06:46:28','admin',1),('ET0281','SEONGEUP FOLK VILLAGE',NULL,'0','0',NULL,NULL,NULL,NULL,NULL,NULL,NULL,NULL,NULL,NULL,NULL,0,0,'0','2015-06-06 06:46:28','admin',1),('ET0282','SEONGSAN SUNRISE PEAK',NULL,'http://www.jejutour.go.kr/contents/index.2013.php?mid=TU&act=view&mode=1&seq=244','064-710-7923',NULL,NULL,NULL,NULL,NULL,NULL,NULL,NULL,NULL,NULL,NULL,2400,2200,'06:00~19:00','2015-06-06 06:46:28','admin',1),('ET0283','SEONGSAN SUNRISE PEAK, FREE WOMAN DIVER SHOW (NO SHOW RAINY)',NULL,'http://www.jejutour.go.kr/contents/index.2013.php?mid=TU&act=view&mode=1&seq=244','064-710-7923',NULL,NULL,NULL,NULL,NULL,NULL,NULL,NULL,NULL,NULL,NULL,2000,2000,'0','2015-06-06 06:46:28','admin',1),('ET0284','SEONYE AND NAMUGGUN MUSEUM',NULL,'http://www.namuggun.com/','064-784-9001',NULL,NULL,NULL,NULL,NULL,NULL,NULL,NULL,NULL,NULL,NULL,9000,7000,'08:30~19:00','2015-06-06 06:46:28','admin',1),('ET0285','SEOPJIKOJI',NULL,'0','0',NULL,NULL,NULL,NULL,NULL,NULL,NULL,NULL,NULL,NULL,NULL,0,0,'0','2015-06-06 06:46:28','admin',1),('ET0286','SHILLA MILLENIUM PARK',NULL,'http://www.smpark.co.kr/','054-778-2000',NULL,NULL,NULL,NULL,NULL,NULL,NULL,NULL,NULL,NULL,NULL,10000,10000,'09:30~18:30','2015-06-06 06:46:28','admin',1),('ET0287','SINCHON FASHION STREET',NULL,'0','0',NULL,NULL,NULL,NULL,NULL,NULL,NULL,NULL,NULL,NULL,NULL,0,0,'0','2015-06-06 06:46:29','admin',1),('ET0288','SKI GEAR RENTAL (WEARING SKI SUIT + MEASURE YOUR SHOES SIZE )- MUST BE ON GROUP',NULL,'0','0',NULL,NULL,NULL,NULL,NULL,NULL,NULL,NULL,NULL,NULL,NULL,30000,25000,'0','2015-06-06 06:46:29','admin',1),('ET0289','SKI SUIT RENTAL ( PREPARE GLOVE & SOCK)',NULL,'0','0',NULL,NULL,NULL,NULL,NULL,NULL,NULL,NULL,NULL,NULL,NULL,5000,5000,'0','2015-06-06 06:46:29','admin',1),('ET0290','SKIN ANNIVERSARY FOR REFRESHMENT (INCLUDED BASIC FACE MASSAGE)',NULL,'http://www.skinanniversary.co.kr/','031-955-1688',NULL,NULL,NULL,NULL,NULL,NULL,NULL,NULL,NULL,NULL,NULL,9900,9900,'0','2015-06-06 06:46:29','admin',1),('ET0291','SKIN CARE COURSE',NULL,'http://www.skinanniversary.co.kr/','031-955-1688',NULL,NULL,NULL,NULL,NULL,NULL,NULL,NULL,NULL,NULL,NULL,10000,10000,'09:00~18:00','2015-06-06 06:46:29','admin',1),('ET0292','SOME SEVIT - HAN RIVER FLOATING ISLAND CONVENTION - SPECIAL LUNCH BUFFET',NULL,'0','0',NULL,NULL,NULL,NULL,NULL,NULL,NULL,NULL,NULL,NULL,NULL,0,0,'0','2015-06-06 06:46:29','admin',1),('ET0293','SONGDO CENTRAL PARK BY WATER TAXI - located in the mids of Songdo International Business District (IBD), the focal point is the navigable canal which is surrounded by many spectacular buildings and is the one of the park\'s nine attraction.',NULL,'http://www.skinanniversary.co.kr/','031-955-1688',NULL,NULL,NULL,NULL,NULL,NULL,NULL,NULL,NULL,NULL,NULL,10000,10000,'09:00~18:00','2015-06-06 06:46:29','admin',1),('ET0294','SONGDO TRI BOWL CULTURAL CENTER - has naturally rounded floor underneath a regular ceiling.',NULL,'http://www.skinanniversary.co.kr/','031-955-1688',NULL,NULL,NULL,NULL,NULL,NULL,NULL,NULL,NULL,NULL,NULL,10000,10000,'09:00~18:00','2015-06-06 06:46:29','admin',1),('ET0295','SPA MASSAGE',NULL,'0','0',NULL,NULL,NULL,NULL,NULL,NULL,NULL,NULL,NULL,NULL,NULL,30000,30000,'0','2015-06-06 06:46:29','admin',1),('ET0296','SPA WATER PARK (pls bring aling your swim gears to enjoy the activities)',NULL,'0','032-310-8212',NULL,NULL,NULL,NULL,NULL,NULL,NULL,NULL,NULL,NULL,NULL,15000,12000,'0','2015-06-06 06:46:29','admin',1),('ET0297','SPECIAL LUNCH BUFFET AT FLOATING ISLAND',NULL,'0','0',NULL,NULL,NULL,NULL,NULL,NULL,NULL,NULL,NULL,NULL,NULL,0,0,'0','2015-06-06 06:46:29','admin',1),('ET0298','SPIRITED GARDEN',NULL,'http://www.spiritedgarden.com/','064-772-3701',NULL,NULL,NULL,NULL,NULL,NULL,NULL,NULL,NULL,NULL,NULL,5000,5000,'08:30~18:00','2015-06-06 06:46:29','admin',1),('ET0299','STAR AVENUE',NULL,'0','0',NULL,NULL,NULL,NULL,NULL,NULL,NULL,NULL,NULL,NULL,NULL,0,0,'0','2015-06-06 06:46:29','admin',1),('ET0300','STOP BY CANOLA FARM (PHOTO STOP) (APR - MAY)',NULL,'0','0',NULL,NULL,NULL,NULL,NULL,NULL,NULL,NULL,NULL,NULL,NULL,5000,5000,'0','2015-06-06 06:46:29','admin',1),('ET0301','STOP BY KOREA FOOD & SOUVENIR SUPERMARKET',NULL,'0','0',NULL,NULL,NULL,NULL,NULL,NULL,NULL,NULL,NULL,NULL,NULL,0,0,'0','2015-06-06 06:46:29','admin',1),('ET0302','STOP BY SKI RESORT - PHOTO STOP',NULL,'0','0',NULL,NULL,NULL,NULL,NULL,NULL,NULL,NULL,NULL,NULL,NULL,0,0,'0','2015-06-06 06:46:29','admin',1),('ET0303','STOP BY SKI RESORT - PHOTO STOP (OPTIONAL SKI - EXCLUDED SKI SUIT + GEAR)',NULL,'0','0',NULL,NULL,NULL,NULL,NULL,NULL,NULL,NULL,NULL,NULL,NULL,0,0,'0','2015-06-06 06:46:29','admin',1),('ET0304','STOP BY W SEOUL KOREA FOOD & SOUVENIR SUPERMARKET',NULL,'0','0',NULL,NULL,NULL,NULL,NULL,NULL,NULL,NULL,NULL,NULL,NULL,0,0,'0','2015-06-06 06:46:29','admin',1),('ET0305','STRAWBERRY PICKING',NULL,'0','0',NULL,NULL,NULL,NULL,NULL,NULL,NULL,NULL,NULL,NULL,NULL,8000,8000,'0','2015-06-06 06:46:29','admin',1),('ET0306','SUWEOLBONG TREKKING',NULL,'0','0',NULL,NULL,NULL,NULL,NULL,NULL,NULL,NULL,NULL,NULL,NULL,0,0,'0','2015-06-06 06:46:29','admin',1),('ET0307','SUWON HWASEON FORTRESS',NULL,'http://www.swcf.or.kr/?goPage=14 ','031-228-4686',NULL,NULL,NULL,NULL,NULL,NULL,NULL,NULL,NULL,NULL,NULL,1500,1500,'09:00~18:00','2015-06-06 06:46:29','admin',1),('ET0308','SWITCH BACK RAILWAY RIDE DOGAE STATION - CHOCHO PARK + HIGH SPEED RAIL COASTER RIDE + AN IN CLINE RAILWAY',NULL,'http://www.swcf.or.kr/?goPage=14 ','031-228-4686',NULL,NULL,NULL,NULL,NULL,NULL,NULL,NULL,NULL,NULL,NULL,1500,1500,'09:00~18:00','2015-06-06 06:46:29','admin',1),('ET0309','TAEJONGDAE OBSERVATORY (DANUBI TRAIN)',NULL,'http://www.swcf.or.kr/?goPage=14 ','031-228-4686',NULL,NULL,NULL,NULL,NULL,NULL,NULL,NULL,NULL,NULL,NULL,1500,1500,'09:00~18:00','2015-06-06 06:46:29','admin',1),('ET0310','TEAM BUILDING ACTIVITY (PROGRAM ATTACHED)',NULL,'0','0',NULL,NULL,NULL,NULL,NULL,NULL,NULL,NULL,NULL,NULL,NULL,0,0,'0','2015-06-06 06:46:29','admin',1),('ET0311','TEDDY BEAR FARM',NULL,'http://www.teddyfarm.net/','033-636-3680',NULL,NULL,NULL,NULL,NULL,NULL,NULL,NULL,NULL,NULL,NULL,5000,3000,'09:30~18:00','2015-06-06 06:46:29','admin',1),('ET0312','TEDDY BEAR MUSEUM',NULL,'http://www.teddyfarm.net/','033-636-8077',NULL,NULL,NULL,NULL,NULL,NULL,NULL,NULL,NULL,NULL,NULL,3500,2500,'08:30~19:00','2015-06-06 06:46:29','admin',1),('ET0313','TEDDY BEAR MUSEUM (JUNGMUN)',NULL,'http://www.teddyfarm.net/','033-636-8077',NULL,NULL,NULL,NULL,NULL,NULL,NULL,NULL,NULL,NULL,NULL,3500,2500,'08:30~19:00','2015-06-06 06:46:29','admin',1),('ET0314','TEDDY BEAR MUSEUM, MYSTERIOUS ROAD',NULL,'http://www.teddyfarm.net/','033-636-8077',NULL,NULL,NULL,NULL,NULL,NULL,NULL,NULL,NULL,NULL,NULL,3500,2500,'08:30~19:00','2015-06-06 06:46:29','admin',1),('ET0315','TESEUM SAFARI',NULL,'http://teddybearsafari.com/','064-799-1120',NULL,NULL,NULL,NULL,NULL,NULL,NULL,NULL,NULL,NULL,NULL,2500,2500,'08:30~19:00','2015-06-06 06:46:29','admin',1),('ET0316','THE ART OF SEA LAVER',NULL,'0','0',NULL,NULL,NULL,NULL,NULL,NULL,NULL,NULL,NULL,NULL,NULL,0,0,'0','2015-06-06 06:46:29','admin',1),('ET0317','THE ART OF SEALAVER & HANBOK WEARING',NULL,'http://myehome.co.kr/songhak/main.asp','02-333-8396',NULL,NULL,NULL,NULL,NULL,NULL,NULL,NULL,NULL,NULL,NULL,3000,3000,'0','2015-06-06 06:46:30','admin',1),('ET0318','THE BEAUTY FACE SHOP',NULL,'0','0',NULL,NULL,NULL,NULL,NULL,NULL,NULL,NULL,NULL,NULL,NULL,0,0,'0','2015-06-06 06:46:30','admin',1),('ET0319','THE WAR MEMORIAL OF KOREA',NULL,'0','0',NULL,NULL,NULL,NULL,NULL,NULL,NULL,NULL,NULL,NULL,NULL,0,0,'0','2015-06-06 06:46:30','admin',1),('ET0320','TOILET MUSEUM',NULL,'0','0',NULL,NULL,NULL,NULL,NULL,NULL,NULL,NULL,NULL,NULL,NULL,0,0,'0','2015-06-06 06:46:30','admin',1),('ET0321','TOP DONG SHOPPING',NULL,'0','0',NULL,NULL,NULL,NULL,NULL,NULL,NULL,NULL,NULL,NULL,NULL,0,0,'0','2015-06-06 06:46:30','admin',1),('ET0322','TOURIST GONDOLA RIDE',NULL,'0','0',NULL,NULL,NULL,NULL,NULL,NULL,NULL,NULL,NULL,NULL,NULL,4500,2500,'0','2015-06-06 06:46:30','admin',1),('ET0323','TOURIST GONDOLA RIDE + FREE WATER FOUNTAIN SHOW',NULL,'0','0',NULL,NULL,NULL,NULL,NULL,NULL,NULL,NULL,NULL,NULL,NULL,4500,2500,'0','2015-06-06 06:46:30','admin',1),('ET0324','TRANSFER TO DOMESTIC AIRPORT BY AIRPORT FACILITY (FREE SHUTTLE BUS)',NULL,'0','0',NULL,NULL,NULL,NULL,NULL,NULL,NULL,NULL,NULL,NULL,NULL,0,0,'0','2015-06-06 06:46:30','admin',1),('ET0325','TRICK ART MUSEUM',NULL,'http://www.trickart.co.kr/','064-787-8774',NULL,NULL,NULL,NULL,NULL,NULL,NULL,NULL,NULL,NULL,NULL,4500,4500,'09:00~19:00','2015-06-06 06:46:30','admin',1),('ET0326','TRICK EYE MUSEUM',NULL,'http://trickeye.com/seoul_main.html','02-3144-6300',NULL,NULL,NULL,NULL,NULL,NULL,NULL,NULL,NULL,NULL,NULL,6000,6000,'09:00~21:00','2015-06-06 06:46:30','admin',1),('ET0327','TRICK EYE MUSEUM & ICE MUSEUM',NULL,'http://icemuseum.co.kr/','02-3144-6300',NULL,NULL,NULL,NULL,NULL,NULL,NULL,NULL,NULL,NULL,NULL,6000,6000,'09:00~21:00','2015-06-06 06:46:30','admin',1),('ET0328','TRY ON TRADITIONAL KOREAN CUSTOM - HANBOK FOR PHOTO TAKING',NULL,'0','02-379-1811',NULL,NULL,NULL,NULL,NULL,NULL,NULL,NULL,NULL,NULL,NULL,3000,3000,'0','2015-06-06 06:46:30','admin',1),('ET0329','TUMULI PARK',NULL,'0','02-379-1811',NULL,NULL,NULL,NULL,NULL,NULL,NULL,NULL,NULL,NULL,NULL,3000,3000,'0','2015-06-06 06:46:30','admin',1),('ET0330','TUMULI PARK, CHEOMGSEONGDAE',NULL,'http://chumsungdea.alltheway.kr/','054-779-8795',NULL,NULL,NULL,NULL,NULL,NULL,NULL,NULL,NULL,NULL,NULL,2000,2000,'09:00~21:00','2015-06-06 06:46:30','admin',1),('ET0331','UNIVERSITY EXCURSION',NULL,'0','0',NULL,NULL,NULL,NULL,NULL,NULL,NULL,NULL,NULL,NULL,NULL,0,0,'0','2015-06-06 06:46:30','admin',1),('ET0332','VIA AIALTHR AIRFIELD, MT. SANBANG',NULL,'0','0',NULL,NULL,NULL,NULL,NULL,NULL,NULL,NULL,NULL,NULL,NULL,1000,1000,'0','2015-06-06 06:46:30','admin',1),('ET0333','VISIT OEDO - PARADISE ISLAND BY FERRY, STOP BY HAEGEUMGANG ',NULL,'0','0',NULL,NULL,NULL,NULL,NULL,NULL,NULL,NULL,NULL,NULL,NULL,1000,1000,'0','2015-06-06 06:46:30','admin',1),('ET0334','VISIT THE CHAPEL OR THE BLESSED MOTHER\'S HOUSE (JULIA KIM) IN NAJU',NULL,'http://www.najumary.or.kr/','0',NULL,NULL,NULL,NULL,NULL,NULL,NULL,NULL,NULL,NULL,NULL,0,0,'0','2015-06-06 06:46:30','admin',1),('ET0335','VOLCANO SHOW BUFFET (LOTTE HOTEL JEJU)',NULL,'http://www.lottehotel.com/jeju/ko/dining/dining.asp?type=RE&seq=29','0',NULL,NULL,NULL,NULL,NULL,NULL,NULL,NULL,NULL,NULL,NULL,85000,85000,'18:00~21:30','2015-06-06 06:46:30','admin',1),('ET0336','WALKER HILL CASINO',NULL,'0','0',NULL,NULL,NULL,NULL,NULL,NULL,NULL,NULL,NULL,NULL,NULL,0,0,'0','2015-06-06 06:46:30','admin',1),('ET0337','WAR MEMORIAL OF KOREA',NULL,'0','0',NULL,NULL,NULL,NULL,NULL,NULL,NULL,NULL,NULL,NULL,NULL,0,0,'0','2015-06-06 06:46:30','admin',1),('ET0338','WATER PARK (PREPARE SWIMMING SUIT + CAP)',NULL,'0','0',NULL,NULL,NULL,NULL,NULL,NULL,NULL,NULL,NULL,NULL,NULL,7500,7500,'0','2015-06-06 06:46:30','admin',1),('ET0339','WAX MUSEUM',NULL,'http://www.63waxmuseum.com/','02-789-5663',NULL,NULL,NULL,NULL,NULL,NULL,NULL,NULL,NULL,NULL,NULL,7000,5600,'10:00~22:00','2015-06-06 06:46:30','admin',1),('ET0340','WEDDING SHOW',NULL,'http://nanta.i-pmc.co.kr/nanta/kr/Wedding/AboutWedding.aspx','02-739-8288',NULL,NULL,NULL,NULL,NULL,NULL,NULL,NULL,NULL,NULL,NULL,20000,20000,'?-? 20:00,? 17:00 20:00?17:00','2015-06-06 06:46:30','admin',1),('ET0341','WELLBEING EXPERIENCES : \"SAVE YOUR BODY WITH ORIENTAL MEDICINE \" (CLOSED EVERY MONDAY)',NULL,'0','053-253-4729',NULL,NULL,NULL,NULL,NULL,NULL,NULL,NULL,NULL,NULL,NULL,0,0,'10:00-18:00','2015-06-06 06:46:30','admin',1),('ET0342','WIND VILL - FEEDING SHEEP',NULL,'http://www.windvil.com/bbs/board.php?bo_table=seasons&wr_id=1','033-336-9812',NULL,NULL,NULL,NULL,NULL,NULL,NULL,NULL,NULL,NULL,NULL,3000,3000,'0','2015-06-06 06:46:30','admin',1),('ET0343','WINE TUNNELL',NULL,'http://www.gamwine.com/','054-371-1904',NULL,NULL,NULL,NULL,NULL,NULL,NULL,NULL,NULL,NULL,NULL,8000,8000,'09:30~20:00','2015-06-06 06:46:30','admin',1),('ET0344','WOMAN DIVER SHOW',NULL,'0','0',NULL,NULL,NULL,NULL,NULL,NULL,NULL,NULL,NULL,NULL,NULL,2000,2000,'13:30, 15:00','2015-06-06 06:46:30','admin',1),('ET0345','WORLD CUP STADIUM',NULL,'http://www.worldcupmuseum.co.kr/ ','02-2128-2090',NULL,NULL,NULL,NULL,NULL,NULL,NULL,NULL,NULL,NULL,NULL,1000,1000,'09:00~17:00','2015-06-06 06:46:31','admin',1),('ET0346','YEOIDO CHERRY BLOSSOM FESTIVAL (08 - 15 APR DEPEND ON WEATHER)',NULL,'http://www.worldcupmuseum.co.kr/ ','02-2128-2090',NULL,NULL,NULL,NULL,NULL,NULL,NULL,NULL,NULL,NULL,NULL,1000,1000,'09:00~17:00','2015-06-06 06:46:31','admin',1),('ET0347','YEOIDO GARDEN',NULL,'0','0',NULL,NULL,NULL,NULL,NULL,NULL,NULL,NULL,NULL,NULL,NULL,0,0,'0','2015-06-06 06:46:31','admin',1),('ET0348','YEOJU PREMIUM OUTLET',NULL,'0','0',NULL,NULL,NULL,NULL,NULL,NULL,NULL,NULL,NULL,NULL,NULL,0,0,'0','2015-06-06 06:46:31','admin',1),('ET0349','YEOMIJI BOTANICAL GARDENS, ECO LAND',NULL,'0','0',NULL,NULL,NULL,NULL,NULL,NULL,NULL,NULL,NULL,NULL,NULL,0,0,'0','2015-06-06 06:46:31','admin',1),('ET0350','YONGDUAM HEAD ROCK',NULL,'0','0',NULL,NULL,NULL,NULL,NULL,NULL,NULL,NULL,NULL,NULL,NULL,0,0,'0','2015-06-06 06:46:31','admin',1),('ET0351','YONGDUSAN PARK',NULL,'http://yongdusanpark.bisco.or.kr/ ','051-257-9771',NULL,NULL,NULL,NULL,NULL,NULL,NULL,NULL,NULL,NULL,NULL,4000,4000,'10:00~18:00','2015-06-06 06:46:31','admin',1),('ET0352','YONGDUSAN PARK INCL BUSAN TOWER, JAGALCHI MARKET, BIFF-BUSAN INT\'L FILM FESTIVAL SQUARE',NULL,'http://yongdusanpark.bisco.or.kr/ ','051-257-9771',NULL,NULL,NULL,NULL,NULL,NULL,NULL,NULL,NULL,NULL,NULL,4000,4000,'10:00~18:00','2015-06-06 06:46:31','admin',1),('ET0353','YONGDUSAN PARK INCLUDED BUSAN TOWER',NULL,'http://www.busantower.co.kr','051-257-9771',NULL,NULL,NULL,NULL,NULL,NULL,NULL,NULL,NULL,NULL,NULL,4000,4000,'09:00~22:00','2015-06-06 06:46:31','admin',1);

/*Table structure for table `entrance_ticket` */

DROP TABLE IF EXISTS `entrance_ticket`;

CREATE TABLE `entrance_ticket` (
  `ticket_code` varchar(10) NOT NULL,
  `entrance_code` varchar(10) NOT NULL,
  `ticket_name` varchar(255) DEFAULT NULL,
  `ticket_price` int(11) DEFAULT NULL,
  `ticket_status` smallint(6) DEFAULT NULL,
  PRIMARY KEY (`ticket_code`)
) ENGINE=InnoDB DEFAULT CHARSET=latin1;

/*Data for the table `entrance_ticket` */

insert  into `entrance_ticket`(`ticket_code`,`entrance_code`,`ticket_name`,`ticket_price`,`ticket_status`) values ('TC000001','EN0002','2',2,1);

/*Table structure for table `guest` */

DROP TABLE IF EXISTS `guest`;

CREATE TABLE `guest` (
  `guest_code` varchar(10) NOT NULL,
  `itinerary_code` varchar(10) NOT NULL,
  `guest_name` varchar(255) DEFAULT NULL,
  `guest_salutation` varchar(10) DEFAULT NULL,
  `guest_birth_date` date DEFAULT NULL,
  `guest_birth_place` varchar(255) DEFAULT NULL,
  `guest_hp` varchar(25) DEFAULT NULL,
  `guest_phone` varchar(25) DEFAULT NULL,
  `guest_id_no` varchar(50) DEFAULT NULL,
  `guest_passport_no` varchar(10) DEFAULT NULL,
  `guest_passport_issued` date DEFAULT NULL,
  `guest_passport_valid_until` date DEFAULT NULL,
  PRIMARY KEY (`guest_code`)
) ENGINE=InnoDB DEFAULT CHARSET=latin1;

/*Data for the table `guest` */

/*Table structure for table `guest_detail` */

DROP TABLE IF EXISTS `guest_detail`;

CREATE TABLE `guest_detail` (
  `guest_code` varchar(10) NOT NULL,
  `idetail_code` varchar(10) NOT NULL,
  `gdetail_detail_code` varchar(10) DEFAULT NULL,
  PRIMARY KEY (`guest_code`,`idetail_code`)
) ENGINE=InnoDB DEFAULT CHARSET=latin1;

/*Data for the table `guest_detail` */

/*Table structure for table `guest_visa` */

DROP TABLE IF EXISTS `guest_visa`;

CREATE TABLE `guest_visa` (
  `visa_no` varchar(15) NOT NULL,
  `guest_code` varchar(10) NOT NULL,
  `visa_valid_until` date DEFAULT NULL,
  PRIMARY KEY (`visa_no`)
) ENGINE=InnoDB DEFAULT CHARSET=latin1;

/*Data for the table `guest_visa` */

/*Table structure for table `guide` */

DROP TABLE IF EXISTS `guide`;

CREATE TABLE `guide` (
  `guide_code` varchar(10) NOT NULL,
  `guide_name` varchar(255) DEFAULT NULL,
  `guide_name_korean` varchar(255) DEFAULT NULL,
  `guide_nickname` varchar(255) DEFAULT NULL,
  `guide_language` varchar(255) DEFAULT NULL,
  `guide_id_no` varchar(255) DEFAULT NULL,
  `guide_hp` varchar(25) DEFAULT NULL,
  `guide_phone` varchar(25) DEFAULT NULL,
  `guide_fax` varchar(25) DEFAULT NULL,
  `guide_bank_name` varchar(255) DEFAULT NULL,
  `guide_bank_account` varchar(255) DEFAULT NULL,
  `guide_email` varchar(255) DEFAULT NULL,
  `guide_password` varchar(32) DEFAULT NULL,
  `guide_address` varchar(255) DEFAULT NULL,
  `guide_postal` varchar(10) DEFAULT NULL,
  `guide_city` varchar(255) DEFAULT NULL,
  `guide_country` varchar(255) DEFAULT NULL,
  `guide_memo` mediumtext,
  `guide_updated` timestamp NULL DEFAULT NULL,
  `guide_updated_name` varchar(255) DEFAULT NULL,
  `guide_status` smallint(6) DEFAULT '1',
  PRIMARY KEY (`guide_code`)
) ENGINE=InnoDB DEFAULT CHARSET=latin1;

/*Data for the table `guide` */

insert  into `guide`(`guide_code`,`guide_name`,`guide_name_korean`,`guide_nickname`,`guide_language`,`guide_id_no`,`guide_hp`,`guide_phone`,`guide_fax`,`guide_bank_name`,`guide_bank_account`,`guide_email`,`guide_password`,`guide_address`,`guide_postal`,`guide_city`,`guide_country`,`guide_memo`,`guide_updated`,`guide_updated_name`,`guide_status`) values ('GD0001','2','asddsa','aaa','dsa','','','','','','','206115536@qwe','BurningPhoenix','','','','',NULL,'2015-05-29 00:07:54','206115536',1);

/*Table structure for table `hotel` */

DROP TABLE IF EXISTS `hotel`;

CREATE TABLE `hotel` (
  `hotel_code` varchar(10) NOT NULL,
  `hotel_name` varchar(255) DEFAULT NULL,
  `hotel_name_korean` varchar(255) DEFAULT NULL,
  `hotel_address` varchar(255) DEFAULT NULL,
  `hotel_postal` varchar(10) DEFAULT NULL,
  `hotel_location` varchar(10) DEFAULT NULL,
  `hotel_city` varchar(255) DEFAULT NULL,
  `hotel_country` varchar(255) DEFAULT NULL,
  `hotel_phone` varchar(25) DEFAULT NULL,
  `hotel_fax` varchar(25) DEFAULT NULL,
  `hotel_email` varchar(255) DEFAULT NULL,
  `hotel_website` varchar(255) DEFAULT NULL,
  `hotel_rooms` smallint(6) DEFAULT NULL,
  `hotel_level` varchar(5) DEFAULT NULL,
  `hotel_currency` varchar(5) DEFAULT NULL,
  `hotel_memo` mediumtext,
  `hotel_tax` float DEFAULT '0',
  `pic_name` varchar(255) DEFAULT NULL,
  `pic_position` varchar(25) DEFAULT NULL,
  `pic_phone` varchar(255) DEFAULT NULL,
  `pic_email` varchar(255) DEFAULT NULL,
  `hotel_updated` timestamp NULL DEFAULT NULL,
  `hotel_updated_name` varchar(255) DEFAULT NULL,
  `hotel_status` smallint(6) DEFAULT '1',
  PRIMARY KEY (`hotel_code`)
) ENGINE=InnoDB DEFAULT CHARSET=latin1;

/*Data for the table `hotel` */

insert  into `hotel`(`hotel_code`,`hotel_name`,`hotel_name_korean`,`hotel_address`,`hotel_postal`,`hotel_location`,`hotel_city`,`hotel_country`,`hotel_phone`,`hotel_fax`,`hotel_email`,`hotel_website`,`hotel_rooms`,`hotel_level`,`hotel_currency`,`hotel_memo`,`hotel_tax`,`pic_name`,`pic_position`,`pic_phone`,`pic_email`,`hotel_updated`,`hotel_updated_name`,`hotel_status`) values ('HT0001','LOTTE HOTEL SEOUL','&#49548;&#44277;&#46041;&#47215;&#45936;&#54840;&#53588;','30, Eulji-ro, Jung-gu, Seoul','','LO0006','LO0006','Korea','82-2-771-1000','82-1-752-3758','','',0,'5','KRW','',0,NULL,NULL,NULL,NULL,'2015-05-15 09:54:43','206115536',1),('HT0002','AVENTREE HOTEL JONGNO','???? ??',' 65-1, Gyeonji-dong, Jongno-gu, Seoul, 110-170 ',NULL,NULL,NULL,NULL,NULL,NULL,NULL,NULL,NULL,'4',NULL,NULL,0,NULL,NULL,NULL,NULL,NULL,NULL,1),('HT0003','BAITON SEOUL HOTEL','?????','186 Ojang-dong, Jung-gu, Seoul',NULL,NULL,NULL,NULL,NULL,NULL,NULL,NULL,NULL,'3',NULL,NULL,0,NULL,NULL,NULL,NULL,NULL,NULL,1),('HT0004','BERNOUI','','31-277,ORYU 1-DONG,GURO-GU,SEOUL,KOREA',NULL,NULL,NULL,NULL,NULL,NULL,NULL,NULL,NULL,'5',NULL,NULL,0,NULL,NULL,NULL,NULL,NULL,NULL,1),('HT0005','BUSAN COMMODORE HOTEL','','743-80 YEongju-dong, Jung-gu, Busan',NULL,NULL,NULL,NULL,NULL,NULL,NULL,NULL,NULL,'4',NULL,NULL,0,NULL,NULL,NULL,NULL,NULL,NULL,1),('HT0006','BUSAN HAEUNDAE GRAND HOTEL','?? ?????','Haeundae-Beach Road 217, Haeundae-gu, Busan',NULL,NULL,NULL,NULL,NULL,NULL,NULL,NULL,NULL,'3',NULL,NULL,0,NULL,NULL,NULL,NULL,NULL,NULL,1),('HT0007','BUSAN LOTTE HOTEL','?? ????','772, Gaya-daero, Busanjin-gu, Busan',NULL,NULL,NULL,NULL,NULL,NULL,NULL,NULL,NULL,'5',NULL,NULL,0,NULL,NULL,NULL,NULL,NULL,NULL,1),('HT0008','BUSAN NOVOTEL AMBASSADOR','?? ??? ??????','292, Haeundaehaebyeon-ro, Heundae-gu, Busan',NULL,NULL,NULL,NULL,NULL,NULL,NULL,NULL,NULL,'4',NULL,NULL,0,NULL,NULL,NULL,NULL,NULL,NULL,1),('HT0009','CENTER MARK','','38,INSADONG 5GIL, JONGNO-GU, SEOUL, KOREA',NULL,NULL,NULL,NULL,NULL,NULL,NULL,NULL,NULL,'3',NULL,NULL,0,NULL,NULL,NULL,NULL,NULL,NULL,1),('HT0010','CHANGWON PULLMAN AMBASSADOR','?? ????????','332, Woni-daero, Uichang-gu, Changwon-si, Gyeongsangnam-do',NULL,NULL,NULL,NULL,NULL,NULL,NULL,NULL,NULL,'5',NULL,NULL,0,NULL,NULL,NULL,NULL,NULL,NULL,1),('HT0011','CO-OP RESICENCE (HWIGYEONG)','','319-1, Hwigyeong 1-dong ,Dongdaemun-gu,Seoul',NULL,NULL,NULL,NULL,NULL,NULL,NULL,NULL,NULL,'4',NULL,NULL,0,NULL,NULL,NULL,NULL,NULL,NULL,1),('HT0012','COURTYARD MARRIOT HOTEL (TIME SQUARE)','???? ??????(?????)','15, Yeongjung-ro, Yeongdeungpo-gu Seoul, 150-798',NULL,NULL,NULL,NULL,NULL,NULL,NULL,NULL,NULL,'3',NULL,NULL,0,NULL,NULL,NULL,NULL,NULL,NULL,1),('HT0013','DAEGU GRAND HOTEL','?? ??? ??','563-1, Beomeo 1-dong, Susung-gu, Daegu city',NULL,NULL,NULL,NULL,NULL,NULL,NULL,NULL,NULL,'5',NULL,NULL,0,NULL,NULL,NULL,NULL,NULL,NULL,1),('HT0014','DANYANG DAEMYUNG RESORT','?? ?? ???','187-17 Sambong-ro, Danyang-eup, Danyang-gun, Chungcheongbuk-do',NULL,NULL,NULL,NULL,NULL,NULL,NULL,NULL,NULL,'4',NULL,NULL,0,NULL,NULL,NULL,NULL,NULL,NULL,1),('HT0015','DAYS HOTEL (MYEONGDONG)','??? ??(??)','107 Toegye-ro, Jung-gu, Seoul',NULL,NULL,NULL,NULL,NULL,NULL,NULL,NULL,NULL,'3',NULL,NULL,0,NULL,NULL,NULL,NULL,NULL,NULL,1),('HT0016','DELPHINO RESORT (CONDO)','??? ???(??)','1153 Misiryeongyet-gil, Toseong-myeong, Goseong-gun, Gangwon-do',NULL,NULL,NULL,NULL,NULL,NULL,NULL,NULL,NULL,'5',NULL,NULL,0,NULL,NULL,NULL,NULL,NULL,NULL,1),('HT0017','DELPHINO RESORT (HOTEL)','??? ???(??)','1153 Misiryeongyet-gil, Toseong-myeong, Goseong-gun, Gangwon-do',NULL,NULL,NULL,NULL,NULL,NULL,NULL,NULL,NULL,'4',NULL,NULL,0,NULL,NULL,NULL,NULL,NULL,NULL,1),('HT0018','GANGNAM NOVOTEL AMBASSADOR','?? ??? ??????','130 Bogeunsa-ro, Gangnam0gu, Seoul',NULL,NULL,NULL,NULL,NULL,NULL,NULL,NULL,NULL,'3',NULL,NULL,0,NULL,NULL,NULL,NULL,NULL,NULL,1),('HT0019','GOLDEN FOREST RESIDENCE','?? ???? ????','498-7, Dapsimni-dong, Dongdaemun-gu, Seoul',NULL,NULL,NULL,NULL,NULL,NULL,NULL,NULL,NULL,'5',NULL,NULL,0,NULL,NULL,NULL,NULL,NULL,NULL,1),('HT0020','GOLDEN FOREST RIVER','?? ???? ??','466-5, Jangan-dong, Dongdaemun-gu, Seoul',NULL,NULL,NULL,NULL,NULL,NULL,NULL,NULL,NULL,'4',NULL,NULL,0,NULL,NULL,NULL,NULL,NULL,NULL,1),('HT0021','GWANGJU SHINYANG PARK HOTEL','','20-8, Jisan 2-dong, Dong-gu, Gwangju',NULL,NULL,NULL,NULL,NULL,NULL,NULL,NULL,NULL,'3',NULL,NULL,0,NULL,NULL,NULL,NULL,NULL,NULL,1),('HT0022','GYEONGJU DAEMYUNG RESORT','?? ?? ???','402-12 Bomun-ro, Gyeongju-si, Gyeongsangbuk-do',NULL,NULL,NULL,NULL,NULL,NULL,NULL,NULL,NULL,'5',NULL,NULL,0,NULL,NULL,NULL,NULL,NULL,NULL,1),('HT0023','GYEONGJU HANHWA RESORT','','182-27,BOMUN-RO,GYEONGJU-SI,GYEONGSANGBUK-DO,KOREA',NULL,NULL,NULL,NULL,NULL,NULL,NULL,NULL,NULL,'4',NULL,NULL,0,NULL,NULL,NULL,NULL,NULL,NULL,1),('HT0024','GYEONGJU HILTON HOTEL','?? ?? ??','484-7 Bomun-ro, Gyeongju-si, Gyeongsangbuk-do',NULL,NULL,NULL,NULL,NULL,NULL,NULL,NULL,NULL,'3',NULL,NULL,0,NULL,NULL,NULL,NULL,NULL,NULL,1),('HT0025','HAEUNDAE CENTUM HOTEL','??? ?? ??','(U-Dong) 20, Centum 3-ro, Haeundae-gu, Busan 612-889',NULL,NULL,NULL,NULL,NULL,NULL,NULL,NULL,NULL,'5',NULL,NULL,0,NULL,NULL,NULL,NULL,NULL,NULL,1),('HT0026','HARBOR PARK HOTEL','???? ??','5th Street, Hang-dong, Jung-gu, Incheon',NULL,NULL,NULL,NULL,NULL,NULL,NULL,NULL,NULL,'4',NULL,NULL,0,NULL,NULL,NULL,NULL,NULL,NULL,1),('HT0027','HIGH 1 HOTEL','??? ??',' #265 High1-Gil, Jeongseong-Gun, Gangwon-do',NULL,NULL,NULL,NULL,NULL,NULL,NULL,NULL,NULL,'3',NULL,NULL,0,NULL,NULL,NULL,NULL,NULL,NULL,1),('HT0028','HOLIDAY-INN RESORT ALPENSIA','???? ????? ???','325 Solbong-ro, Daegwallyeong-myeong, Pyeongchang-gun, Gangwon-d',NULL,NULL,NULL,NULL,NULL,NULL,NULL,NULL,NULL,'5',NULL,NULL,0,NULL,NULL,NULL,NULL,NULL,NULL,1),('HT0029','HOTEL PAGODA','??? ??','662-7 Yeoksam-dong, Gangnam-gu, Seoul ',NULL,NULL,NULL,NULL,NULL,NULL,NULL,NULL,NULL,'4',NULL,NULL,0,NULL,NULL,NULL,NULL,NULL,NULL,1),('HT0030','INTERCONTINENTAL ALPENSIA HOTEL','???? ?????? ??','325 Solbong-ro, Daegwallyeong-myeong, Pyeongchang-gun, Gangwon-d',NULL,NULL,NULL,NULL,NULL,NULL,NULL,NULL,NULL,'3',NULL,NULL,0,NULL,NULL,NULL,NULL,NULL,NULL,1),('HT0031','IP BOUTIQUE HOTEL','??? ?????','737-32 Hannam-dong, Yongsan0gu, Seoul',NULL,NULL,NULL,NULL,NULL,NULL,NULL,NULL,NULL,'5',NULL,NULL,0,NULL,NULL,NULL,NULL,NULL,NULL,1),('HT0032','ITW HOTEL','?????? ??','126-7 Itaewon-dong, Yongsan-gu, Seoul',NULL,NULL,NULL,NULL,NULL,NULL,NULL,NULL,NULL,'4',NULL,NULL,0,NULL,NULL,NULL,NULL,NULL,NULL,1),('HT0033','JEJU AEROSPACE HOTEL','?? ???? ??','216 Nokchabunjae-ro, Seogwipo-si, Jeju-do',NULL,NULL,NULL,NULL,NULL,NULL,NULL,NULL,NULL,'3',NULL,NULL,0,NULL,NULL,NULL,NULL,NULL,NULL,1),('HT0034','JEJU AVILOS HOTEL','?? ???? ??','1938-5 Doryeon 1-dong, Jeju-si, Jeju-do',NULL,NULL,NULL,NULL,NULL,NULL,NULL,NULL,NULL,'5',NULL,NULL,0,NULL,NULL,NULL,NULL,NULL,NULL,1),('HT0035','JEJU HANHWA RESORT','?? ?? ???','3-16 Hoecheon-dong, Jeju-si, Jeju-do',NULL,NULL,NULL,NULL,NULL,NULL,NULL,NULL,NULL,'4',NULL,NULL,0,NULL,NULL,NULL,NULL,NULL,NULL,1),('HT0036','JEJU HAWAI HOTEL','?? ??? ??','278-2, Yeon-dong, Jeju-si, Jeju-do',NULL,NULL,NULL,NULL,NULL,NULL,NULL,NULL,NULL,'3',NULL,NULL,0,NULL,NULL,NULL,NULL,NULL,NULL,1),('HT0037','JEJU LOTTE HOTEL','?? ?? ??','35, Jungmungwangwang-ro 72beon-gil, Seogwipo-si, Jeju-do, ',NULL,NULL,NULL,NULL,NULL,NULL,NULL,NULL,NULL,'5',NULL,NULL,0,NULL,NULL,NULL,NULL,NULL,NULL,1),('HT0038','JEJU LUCEVILLE RESORT','????? ???','786 Sallongnak-ro,Andeok-myeon,Seogwipo,jeju-do',NULL,NULL,NULL,NULL,NULL,NULL,NULL,NULL,NULL,'4',NULL,NULL,0,NULL,NULL,NULL,NULL,NULL,NULL,1),('HT0039','JEJU MEI THE HOTEL','?? ??? ??','1652-2 Dongbok-ri, Gujwa-eup, Jeju-si, Jeju-do',NULL,NULL,NULL,NULL,NULL,NULL,NULL,NULL,NULL,'3',NULL,NULL,0,NULL,NULL,NULL,NULL,NULL,NULL,1),('HT0040','JEJU OCEAN PALACE HOTEL','?? ????? ??','14 Jungang-ro, Seogwipo-si, Jeju-do',NULL,NULL,NULL,NULL,NULL,NULL,NULL,NULL,NULL,'5',NULL,NULL,0,NULL,NULL,NULL,NULL,NULL,NULL,1),('HT0041','JEJU OCEAN SUITES HOTEL','?? ????? ??','74 Haean-ro, Tap-dong, Jeju-si, Jeju-do',NULL,NULL,NULL,NULL,NULL,NULL,NULL,NULL,NULL,'4',NULL,NULL,0,NULL,NULL,NULL,NULL,NULL,NULL,1),('HT0042','JEJU PALACE HOTEL','?? ??? ??','1192-18 Samdo 2-dong, Jeju-si, Jeju-do',NULL,NULL,NULL,NULL,NULL,NULL,NULL,NULL,NULL,'3',NULL,NULL,0,NULL,NULL,NULL,NULL,NULL,NULL,1),('HT0043','JEJU PEARLY HOTEL','?? ?? ??','2131-1 Haean-dong, Jeju-si, Jeju-do',NULL,NULL,NULL,NULL,NULL,NULL,NULL,NULL,NULL,'5',NULL,NULL,0,NULL,NULL,NULL,NULL,NULL,NULL,1),('HT0044','JEJU RAMADA HOTEL','?? ??? ??','66 Tapdong-ro, Jeju-si, Jeju-do',NULL,NULL,NULL,NULL,NULL,NULL,NULL,NULL,NULL,'4',NULL,NULL,0,NULL,NULL,NULL,NULL,NULL,NULL,1),('HT0045','JINJIANGINN(MYEONGDONG)','','70-2, Yegwan-dong, Jung-gu, Seoul, Korea',NULL,NULL,NULL,NULL,NULL,NULL,NULL,NULL,NULL,'3',NULL,NULL,0,NULL,NULL,NULL,NULL,NULL,NULL,1),('HT0046','JW MARRIOTT (DONGDAEMUN)','','279, CHEONGGYECHEON-RO, JONGNO-GU, SEOUL, KOREA',NULL,NULL,NULL,NULL,NULL,NULL,NULL,NULL,NULL,'5',NULL,NULL,0,NULL,NULL,NULL,NULL,NULL,NULL,1),('HT0047','JW MARRIOTT (GANGNAM)','','19-3, Banpo 4-dong, Seocho-gu, Seoul, Korea',NULL,NULL,NULL,NULL,NULL,NULL,NULL,NULL,NULL,'4',NULL,NULL,0,NULL,NULL,NULL,NULL,NULL,NULL,1),('HT0048','KANGWONLAND CONVENTION HOTEL','???? ??? ??',' #265 High1-Gil, Jeongseong-Gun, Gangwon-do',NULL,NULL,NULL,NULL,NULL,NULL,NULL,NULL,NULL,'3',NULL,NULL,0,NULL,NULL,NULL,NULL,NULL,NULL,1),('HT0049','KANGWONLAND HOTEL','???? ??',' #265 High1-Gil, Jeongseong-Gun, Gangwon-do',NULL,NULL,NULL,NULL,NULL,NULL,NULL,NULL,NULL,'5',NULL,NULL,0,NULL,NULL,NULL,NULL,NULL,NULL,1),('HT0050','KOREANA HOTEL','',' 61-1 Taepyungro1-ga, Chung-gu, Seoul',NULL,NULL,NULL,NULL,NULL,NULL,NULL,NULL,NULL,'4',NULL,NULL,0,NULL,NULL,NULL,NULL,NULL,NULL,1),('HT0051','LA VIE D\'OR RESORT','??? ??','286 Saeja-ro, Jeongnam-myeon, Hwaseong-si, Gyeonggi-di',NULL,NULL,NULL,NULL,NULL,NULL,NULL,NULL,NULL,'3',NULL,NULL,0,NULL,NULL,NULL,NULL,NULL,NULL,1),('HT0052','LOTTE HOTEL (MYEONGDONG)','?? ??(??)','30, Eulji-ro, Jung-gu, Seoul',NULL,NULL,NULL,NULL,NULL,NULL,NULL,NULL,NULL,'5',NULL,NULL,0,NULL,NULL,NULL,NULL,NULL,NULL,1),('HT0053','LOTTE WORLD HOTEL','???? ??','240, Olympic-ro, Songpa-gu, Seoul,',NULL,NULL,NULL,NULL,NULL,NULL,NULL,NULL,NULL,'4',NULL,NULL,0,NULL,NULL,NULL,NULL,NULL,NULL,1),('HT0054','MARE HOTEL','','952-17 DAPSIMNI-DONG, DONGDAEMUN-GU, SEOUL',NULL,NULL,NULL,NULL,NULL,NULL,NULL,NULL,NULL,'3',NULL,NULL,0,NULL,NULL,NULL,NULL,NULL,NULL,1),('HT0055','MARIGOLD HOTEL','???? ??','112, Yanghwa-ro, Mapo-gu, Seoul',NULL,NULL,NULL,NULL,NULL,NULL,NULL,NULL,NULL,'5',NULL,NULL,0,NULL,NULL,NULL,NULL,NULL,NULL,1),('HT0056','MAYHILLS RESORT','???? ???','8 Mulhanri-gil, Gohan-eup, Jeongseon-gun, Gangwon-do',NULL,NULL,NULL,NULL,NULL,NULL,NULL,NULL,NULL,'4',NULL,NULL,0,NULL,NULL,NULL,NULL,NULL,NULL,1),('HT0057','MAYPLACE HOTEL','?????? ??','179, Yulgok-ru, Jongno-gu, Seoul, Korea',NULL,NULL,NULL,NULL,NULL,NULL,NULL,NULL,NULL,'3',NULL,NULL,0,NULL,NULL,NULL,NULL,NULL,NULL,1),('HT0058','MUMUN RESIDENCE','','110-5, Bujeon 1-dong, Busanjin-gu, Busan, Korea',NULL,NULL,NULL,NULL,NULL,NULL,NULL,NULL,NULL,'5',NULL,NULL,0,NULL,NULL,NULL,NULL,NULL,NULL,1),('HT0059','NOVOTEL AMBASSADOR HOTEL (DOKSAN)','','378 SIHEUNG ROAD, GEUMCHEON –GU, SEOUL',NULL,NULL,NULL,NULL,NULL,NULL,NULL,NULL,NULL,'4',NULL,NULL,0,NULL,NULL,NULL,NULL,NULL,NULL,1),('HT0060','NOVOTEL AMBASSADOR HOTEL (GANGNAM)','','603 Yeoksam-Dong, Gangnam-Gu, Seoul ',NULL,NULL,NULL,NULL,NULL,NULL,NULL,NULL,NULL,'3',NULL,NULL,0,NULL,NULL,NULL,NULL,NULL,NULL,1),('HT0061','O CLOUD HOTEL','????? ??','1303-14, Seocho-dong, Seocho-gu, Seoul',NULL,NULL,NULL,NULL,NULL,NULL,NULL,NULL,NULL,'5',NULL,NULL,0,NULL,NULL,NULL,NULL,NULL,NULL,1),('HT0062','OAK VALLEY','','1016, Wolsong-ri, Jijeong-myeon, Wonju-si, Gangwon-do',NULL,NULL,NULL,NULL,NULL,NULL,NULL,NULL,NULL,'3',NULL,NULL,0,NULL,NULL,NULL,NULL,NULL,NULL,1),('HT0063','ORAKAI SONGDO PARK HOTEL','???? ???? ??','151 Techno park-ro, Yeonsu-gu, Incheon',NULL,NULL,NULL,NULL,NULL,NULL,NULL,NULL,NULL,'4',NULL,NULL,0,NULL,NULL,NULL,NULL,NULL,NULL,1),('HT0064','RAMADA DONGTAN HOTEL','??? ?? ??','90-3, Bansong-dong, Hwaseong-si, Gyeonggi-do 445-160',NULL,NULL,NULL,NULL,NULL,NULL,NULL,NULL,NULL,'5',NULL,NULL,0,NULL,NULL,NULL,NULL,NULL,NULL,1),('HT0065','RAMADA HOTEL & SUITES','??? ??&???','27 Chilpae-ro, Jung-gu, Seoul',NULL,NULL,NULL,NULL,NULL,NULL,NULL,NULL,NULL,'4',NULL,NULL,0,NULL,NULL,NULL,NULL,NULL,NULL,1),('HT0066','RAMADA JONGNO HOTEL','??? ?? ??','106 Changgyeonggung-ro, Jongno-gu, Seoul',NULL,NULL,NULL,NULL,NULL,NULL,NULL,NULL,NULL,'3',NULL,NULL,0,NULL,NULL,NULL,NULL,NULL,NULL,1),('HT0067','RAMADA PLAZA HOTEL (SUWON)','','940 Ingye-dong, Paldal-gu, Suwon-si, Gyeonggi-do',NULL,NULL,NULL,NULL,NULL,NULL,NULL,NULL,NULL,'4',NULL,NULL,0,NULL,NULL,NULL,NULL,NULL,NULL,1),('HT0068','RAMADA SEOUL HOTEL','??? ?? ??','112-5 Samsung-dong, Kangnam-gu, Seoul',NULL,NULL,NULL,NULL,NULL,NULL,NULL,NULL,NULL,'5',NULL,NULL,0,NULL,NULL,NULL,NULL,NULL,NULL,1),('HT0069','RIVIERA HOTEL','??? ??','737 Yeongdong-daero, Gangnam-gu, Seoul 135-952',NULL,NULL,NULL,NULL,NULL,NULL,NULL,NULL,NULL,'3',NULL,NULL,0,NULL,NULL,NULL,NULL,NULL,NULL,1),('HT0070','ROSANA HOTEL','??? ??','98 Samhaksa-ro, Songpa-gu, Seoul',NULL,NULL,NULL,NULL,NULL,NULL,NULL,NULL,NULL,'4',NULL,NULL,0,NULL,NULL,NULL,NULL,NULL,NULL,1),('HT0071','SAMJUNG HOTEL','?? ??','150 Bogeunsa-ro, Gangnam-gu, Seoul',NULL,NULL,NULL,NULL,NULL,NULL,NULL,NULL,NULL,'5',NULL,NULL,0,NULL,NULL,NULL,NULL,NULL,NULL,1),('HT0072','SHILLA STAY DONGTAN HOTEL','?? ????? ??','161 Nojak-ro, Hwaseong-si, Gyeonggi-do',NULL,NULL,NULL,NULL,NULL,NULL,NULL,NULL,NULL,'3',NULL,NULL,0,NULL,NULL,NULL,NULL,NULL,NULL,1),('HT0073','SHILLA STAY YEOKSAM HOTEL','?? ????? ??','517, Eonju-ro, Gangnam-gu, Seoul, Korea',NULL,NULL,NULL,NULL,NULL,NULL,NULL,NULL,NULL,'4',NULL,NULL,0,NULL,NULL,NULL,NULL,NULL,NULL,1),('HT0074','SONGDO BRIDGE HOTEL','?? ??? ??','223 Convensia-daero, Yeonsu-gu, Incheon',NULL,NULL,NULL,NULL,NULL,NULL,NULL,NULL,NULL,'5',NULL,NULL,0,NULL,NULL,NULL,NULL,NULL,NULL,1),('HT0075','SORAK HANHWA RESORT (WING)','?? ?? ???(??)','24-1 Jangsa-dong, Sokcho-si, Gangwon-do',NULL,NULL,NULL,NULL,NULL,NULL,NULL,NULL,NULL,'4',NULL,NULL,0,NULL,NULL,NULL,NULL,NULL,NULL,1),('HT0076','SORAK I PARK RESORT','?? ???? ???','75-16 Goseong-daero, Toseong-myeon, Goseong-gun, Gangwon-do',NULL,NULL,NULL,NULL,NULL,NULL,NULL,NULL,NULL,'3',NULL,NULL,0,NULL,NULL,NULL,NULL,NULL,NULL,1),('HT0077','SORAK SORANO RESORT','??  ?? ???(???)','24-1 Jangsa-dong, Sokcho-si, Gangwon-do',NULL,NULL,NULL,NULL,NULL,NULL,NULL,NULL,NULL,'5',NULL,NULL,0,NULL,NULL,NULL,NULL,NULL,NULL,1),('HT0078','STANFORD HOTEL SEOUL','???? ??','1587 Sangam-dong, Mapo-gu, Seoul 121-835',NULL,NULL,NULL,NULL,NULL,NULL,NULL,NULL,NULL,'3',NULL,NULL,0,NULL,NULL,NULL,NULL,NULL,NULL,1),('HT0079','SUMMIT HOTEL','??? ??','198 Jangchundan-ro, Jung-gu, Seoul 100-391',NULL,NULL,NULL,NULL,NULL,NULL,NULL,NULL,NULL,'4',NULL,NULL,0,NULL,NULL,NULL,NULL,NULL,NULL,1),('HT0080','SUN VALLEY RESORT','??? ??','188 Sunpo-ro, Goseong-gun, Gangwon-do 219-823',NULL,NULL,NULL,NULL,NULL,NULL,NULL,NULL,NULL,'5',NULL,NULL,0,NULL,NULL,NULL,NULL,NULL,NULL,1),('HT0081','SUWON RAMADA PLAZA HOTEL','?? ?????? ??','150 Jungbu-daero, Suwon-si, Gyeonggi-do',NULL,NULL,NULL,NULL,NULL,NULL,NULL,NULL,NULL,'3',NULL,NULL,0,NULL,NULL,NULL,NULL,NULL,NULL,1),('HT0082','THE BLOOM VISTA HOTEL','????? ??','316 Gangnim-ro, Gangha-myeon, Yangpyeong-gun, Gyeonggi-do',NULL,NULL,NULL,NULL,NULL,NULL,NULL,NULL,NULL,'4',NULL,NULL,0,NULL,NULL,NULL,NULL,NULL,NULL,1),('HT0083','THE CLASS 300 HOTEL','????300 ??','1288-22 Jungam-dong, Sokcho-si, Gangwon-do',NULL,NULL,NULL,NULL,NULL,NULL,NULL,NULL,NULL,'5',NULL,NULL,0,NULL,NULL,NULL,NULL,NULL,NULL,1),('HT0084','THE M HOTEL','','52-13, SEONGSAN-DONG, MAPO-GU, SEOUL',NULL,NULL,NULL,NULL,NULL,NULL,NULL,NULL,NULL,'3',NULL,NULL,0,NULL,NULL,NULL,NULL,NULL,NULL,1),('HT0085','TMARK HOTEL (MYEONGDONG)','??? ??(??)','15 Chungmuro, Jung-gu, Seoul',NULL,NULL,NULL,NULL,NULL,NULL,NULL,NULL,NULL,'4',NULL,NULL,0,NULL,NULL,NULL,NULL,NULL,NULL,1),('HT0086','TOYOKO-INN BUSAN STATION 1 HOTEL','???? ???1?? ??','196-12 Jungang-daero, Dong0gu, Busan 601-839',NULL,NULL,NULL,NULL,NULL,NULL,NULL,NULL,NULL,'5',NULL,NULL,0,NULL,NULL,NULL,NULL,NULL,NULL,1),('HT0087','VALUE HIGH END HOTEL','???? ????','299 Hyowon-ro, Paldal-gu, Suwon-si, Gyeonggi-do',NULL,NULL,NULL,NULL,NULL,NULL,NULL,NULL,NULL,'3',NULL,NULL,0,NULL,NULL,NULL,NULL,NULL,NULL,1),('HT0088','WONJU INTER-BURGO HOTEL','?? ???? ??','1401-10, Bangkok-dong, Wonju, Gangwon-do',NULL,NULL,NULL,NULL,NULL,NULL,NULL,NULL,NULL,'4',NULL,NULL,0,NULL,NULL,NULL,NULL,NULL,NULL,1),('HT0089','YONGPYONG RESORT','?? ???','130 Yongsan-ri, Daegwallyeong-myeon, Gangwon-do 232-950',NULL,NULL,NULL,NULL,NULL,NULL,NULL,NULL,NULL,'5',NULL,NULL,0,NULL,NULL,NULL,NULL,NULL,NULL,1),('HT0090','HAEDAMCHAE RESIDENCE','','104-6, Guro 5-dong, Guro-gu, Seoul, Korea',NULL,NULL,NULL,NULL,NULL,NULL,NULL,NULL,NULL,'3',NULL,NULL,0,NULL,NULL,NULL,NULL,NULL,NULL,1),('HT0091','DENIM HOTEL','?? ??','66, Nonhyeon-ro, Gangnam-gu, Seoul ',NULL,NULL,NULL,NULL,NULL,NULL,NULL,NULL,NULL,'4',NULL,NULL,0,NULL,NULL,NULL,NULL,NULL,NULL,1);

/*Table structure for table `hotel_period` */

DROP TABLE IF EXISTS `hotel_period`;

CREATE TABLE `hotel_period` (
  `period_id` int(11) NOT NULL AUTO_INCREMENT,
  `hotel_code` varchar(10) DEFAULT NULL,
  `period_start` varchar(5) DEFAULT NULL,
  `period_end` varchar(5) DEFAULT NULL,
  `period_type` tinyint(4) DEFAULT NULL COMMENT '1=Low;2=High;3=Peak',
  PRIMARY KEY (`period_id`)
) ENGINE=InnoDB AUTO_INCREMENT=3 DEFAULT CHARSET=latin1;

/*Data for the table `hotel_period` */

insert  into `hotel_period`(`period_id`,`hotel_code`,`period_start`,`period_end`,`period_type`) values (1,'HT0002','01-01','01-01',1),(2,'HT0001','01-01','01-05',1);

/*Table structure for table `hotel_room` */

DROP TABLE IF EXISTS `hotel_room`;

CREATE TABLE `hotel_room` (
  `room_code` varchar(10) NOT NULL,
  `hotel_code` varchar(10) NOT NULL,
  `room_name` varchar(255) DEFAULT NULL,
  `room_description` mediumtext,
  `room_type` varchar(3) DEFAULT NULL,
  `room_isbreakfast` smallint(6) DEFAULT '0',
  `room_extrabed` int(11) DEFAULT '0',
  `room_fit_breakfast` int(11) DEFAULT '0',
  `room_fit_weekday_low` int(11) DEFAULT '0',
  `room_fit_weekday_high` int(11) DEFAULT '0',
  `room_fit_weekend_low` int(11) DEFAULT '0',
  `room_fit_weekend_high` int(11) DEFAULT '0',
  `room_fit_peak` int(11) DEFAULT '0',
  `room_group_breakfast` int(11) DEFAULT '0',
  `room_group_weekday_low` int(11) DEFAULT '0',
  `room_group_weekday_high` int(11) DEFAULT '0',
  `room_group_weekend_low` int(11) DEFAULT '0',
  `room_group_weekend_high` int(11) DEFAULT '0',
  `room_group_peak` int(11) DEFAULT '0',
  `room_status` smallint(6) DEFAULT '1',
  PRIMARY KEY (`room_code`)
) ENGINE=InnoDB DEFAULT CHARSET=latin1;

/*Data for the table `hotel_room` */

insert  into `hotel_room`(`room_code`,`hotel_code`,`room_name`,`room_description`,`room_type`,`room_isbreakfast`,`room_extrabed`,`room_fit_breakfast`,`room_fit_weekday_low`,`room_fit_weekday_high`,`room_fit_weekend_low`,`room_fit_weekend_high`,`room_fit_peak`,`room_group_breakfast`,`room_group_weekday_low`,`room_group_weekday_high`,`room_group_weekend_low`,`room_group_weekend_high`,`room_group_peak`,`room_status`) values ('HR000001','HT0001','','','BB',1,70000,30000,210000,240000,210000,250000,340000,27000,190000,220000,190000,230000,320000,1),('HR000002','HT0001','','','B',1,90000,30000,260000,290000,270000,300000,340000,27000,240000,270000,250000,280000,360000,1),('HR000003','HT0001','','','D',0,50000,0,0,0,0,0,100,200,300,0,0,0,0,0);

/*Table structure for table `itinerary` */

DROP TABLE IF EXISTS `itinerary`;

CREATE TABLE `itinerary` (
  `itinerary_code` varchar(10) NOT NULL,
  `staff_code` varchar(10) DEFAULT NULL,
  `buyer_code` varchar(10) NOT NULL,
  `itinerary_name` varchar(255) DEFAULT NULL,
  `itinerary_days` smallint(6) DEFAULT NULL,
  `itinerary_pax` smallint(6) DEFAULT NULL,
  `itinerary_status` smallint(6) DEFAULT NULL,
  `itinerary_arrival_date` timestamp NULL DEFAULT NULL,
  `itinerary_arrival_flight_name` varchar(255) DEFAULT NULL,
  `itinerary_arrival_flight_no` varchar(20) DEFAULT NULL,
  PRIMARY KEY (`itinerary_code`)
) ENGINE=InnoDB DEFAULT CHARSET=latin1;

/*Data for the table `itinerary` */

/*Table structure for table `itinerary_day` */

DROP TABLE IF EXISTS `itinerary_day`;

CREATE TABLE `itinerary_day` (
  `iday_code` varchar(10) NOT NULL,
  `itinerary_code` varchar(10) NOT NULL,
  `iday_day` smallint(6) DEFAULT NULL,
  `iday_date` date DEFAULT NULL,
  `iday_title` varchar(255) DEFAULT NULL,
  `iday_location_start` varchar(10) DEFAULT NULL,
  `iday_location_end` varchar(10) DEFAULT NULL,
  `iday_route` varchar(255) DEFAULT NULL,
  PRIMARY KEY (`iday_code`)
) ENGINE=InnoDB DEFAULT CHARSET=latin1;

/*Data for the table `itinerary_day` */

/*Table structure for table `itinerary_detail` */

DROP TABLE IF EXISTS `itinerary_detail`;

CREATE TABLE `itinerary_detail` (
  `idetail_code` varchar(10) NOT NULL,
  `iday_code` varchar(10) NOT NULL,
  `guide_code` varchar(10) NOT NULL,
  `idetail_day` smallint(6) DEFAULT NULL,
  `idetail_date` date DEFAULT NULL,
  `idetail_time_start` time DEFAULT NULL,
  `idetail_time_end` time DEFAULT NULL,
  `idetail_title` varchar(255) DEFAULT NULL,
  `idetail_type` varchar(10) DEFAULT NULL,
  `idetail_transport_code` varchar(10) DEFAULT NULL,
  `idetail_restaurant_code` varchar(10) DEFAULT NULL,
  `idetail_hotel_code` varchar(10) DEFAULT NULL,
  `idetail_entrance_code` varchar(10) DEFAULT NULL,
  `idetail_shop_code` varchar(10) DEFAULT NULL,
  `idetail_memo` mediumtext,
  `idetail_location` varchar(10) DEFAULT NULL,
  PRIMARY KEY (`idetail_code`)
) ENGINE=InnoDB DEFAULT CHARSET=latin1;

/*Data for the table `itinerary_detail` */

/*Table structure for table `location` */

DROP TABLE IF EXISTS `location`;

CREATE TABLE `location` (
  `location_code` varchar(10) NOT NULL,
  `location_name` varchar(255) DEFAULT NULL,
  `location_name_korean` varchar(255) DEFAULT NULL,
  `location_updated` datetime DEFAULT NULL,
  `location_updated_name` varchar(255) DEFAULT NULL,
  `location_show` smallint(6) DEFAULT '1',
  PRIMARY KEY (`location_code`)
) ENGINE=InnoDB DEFAULT CHARSET=latin1;

/*Data for the table `location` */

insert  into `location`(`location_code`,`location_name`,`location_name_korean`,`location_updated`,`location_updated_name`,`location_show`) values ('LO0001','BUSAN',NULL,'2015-05-14 18:48:06','admin',1),('LO0002','DAEJON',NULL,'2015-05-14 18:48:06','admin',1),('LO0003','GWANGJU',NULL,'2015-05-14 18:48:06','admin',1),('LO0004','INCHEON','&#51064;&#52380;&#44277;&#54637;','2015-05-15 09:43:19','206115536',1),('LO0005','JEJU','&#54840;&#53588;','2015-05-15 09:44:10','206115536',1),('LO0006','SEOUL','&#49436;&#50872;','2015-05-15 09:43:33','206115536',1),('LO0007','CHUNGCHEONGBUK-DO',NULL,'2015-05-14 18:48:06','admin',1),('LO0008','CHUNGCHEONGNAM-DO',NULL,'2015-05-14 18:48:06','admin',1),('LO0009','GANGWON-DO',NULL,'2015-05-14 18:48:06','admin',1),('LO0010','GYEONGGI-DO',NULL,'2015-05-14 18:48:06','admin',1),('LO0012','GYEONGSANGNAM-DO',NULL,'2015-05-14 18:48:06','admin',1),('LO0013','JEOLLABUK-DO',NULL,'2015-05-14 18:48:06','admin',1),('LO0014','JEOLLANAM-DO',NULL,'2015-05-14 18:48:06','admin',1),('LO0015','KIMPO','&#44608;&#54252;&#44277;&#54637;','2015-05-15 09:43:52','206115536',1);

/*Table structure for table `pic` */

DROP TABLE IF EXISTS `pic`;

CREATE TABLE `pic` (
  `pic_code` varchar(10) NOT NULL,
  `pic_type` varchar(2) DEFAULT NULL,
  `pic_type_code` varchar(10) DEFAULT NULL,
  `pic_name` varchar(255) DEFAULT NULL,
  `pic_position` varchar(255) DEFAULT NULL,
  `pic_phone` varchar(25) DEFAULT NULL,
  `pic_hp` varchar(25) DEFAULT NULL,
  `pic_email` varchar(255) DEFAULT NULL,
  `pic_updated` timestamp NULL DEFAULT NULL,
  `pic_updated_name` varchar(255) DEFAULT NULL,
  `pic_status` smallint(6) DEFAULT '1',
  PRIMARY KEY (`pic_code`)
) ENGINE=InnoDB DEFAULT CHARSET=latin1;

/*Data for the table `pic` */

insert  into `pic`(`pic_code`,`pic_type`,`pic_type_code`,`pic_name`,`pic_position`,`pic_phone`,`pic_hp`,`pic_email`,`pic_updated`,`pic_updated_name`,`pic_status`) values ('PIC0001','HO','HT0001','Nevarez','Marketting','081081081',NULL,NULL,NULL,NULL,1);

/*Table structure for table `qday_entrance` */

DROP TABLE IF EXISTS `qday_entrance`;

CREATE TABLE `qday_entrance` (
  `entrance_code` varchar(10) NOT NULL,
  `qday_code` varchar(10) NOT NULL,
  `qday_entrance_price` int(11) DEFAULT NULL,
  PRIMARY KEY (`entrance_code`,`qday_code`)
) ENGINE=InnoDB DEFAULT CHARSET=latin1;

/*Data for the table `qday_entrance` */

insert  into `qday_entrance`(`entrance_code`,`qday_code`,`qday_entrance_price`) values ('ET0001','Q0101',NULL),('ET0002','Q0102',NULL),('ET0003','Q0103',NULL),('ET0004','Q0104',NULL),('ET0005','Q0105',NULL);

/*Table structure for table `qday_hotel` */

DROP TABLE IF EXISTS `qday_hotel`;

CREATE TABLE `qday_hotel` (
  `hotel_code` varchar(10) NOT NULL,
  `qday_code` varchar(10) NOT NULL,
  `qday_hotel_night` int(11) DEFAULT '1',
  `qday_room_level` tinyint(4) DEFAULT '3',
  PRIMARY KEY (`hotel_code`,`qday_code`)
) ENGINE=InnoDB DEFAULT CHARSET=latin1;

/*Data for the table `qday_hotel` */

insert  into `qday_hotel`(`hotel_code`,`qday_code`,`qday_hotel_night`,`qday_room_level`) values ('HT0001','Q0101',1,3),('HT0002','Q0101',1,4),('HT0003','Q0101',1,5),('HT0004','Q0102',1,3),('HT0005','Q0102',1,4),('HT0006','Q0102',1,5),('HT0007','Q0103',2,3),('HT0007','Q0104',2,4),('HT0008','Q0103',2,5),('HT0008','Q0104',2,3),('HT0009','Q0103',2,4),('HT0009','Q0104',2,5),('HT0013','Q0105',1,3),('HT0014','Q0105',1,4),('HT0015','Q0105',1,5);

/*Table structure for table `qday_restaurant` */

DROP TABLE IF EXISTS `qday_restaurant`;

CREATE TABLE `qday_restaurant` (
  `restaurant_code` varchar(10) NOT NULL,
  `qday_code` varchar(10) NOT NULL,
  `qday_rest_type` varchar(1) NOT NULL DEFAULT '1',
  PRIMARY KEY (`restaurant_code`,`qday_code`,`qday_rest_type`)
) ENGINE=InnoDB DEFAULT CHARSET=latin1;

/*Data for the table `qday_restaurant` */

insert  into `qday_restaurant`(`restaurant_code`,`qday_code`,`qday_rest_type`) values ('RS0001','Q0101','1'),('RS0002','Q0101','2'),('RS0003','Q0101','3'),('RS0004','Q0102','1'),('RS0005','Q0102','2'),('RS0006','Q0102','3'),('RS0007','Q0103','1'),('RS0008','Q0103','2'),('RS0009','Q0103','3'),('RS0010','Q0104','1'),('RS0011','Q0104','2'),('RS0012','Q0104','3'),('RS0013','Q0105','1'),('RS0014','Q0105','2'),('RS0015','Q0105','3');

/*Table structure for table `qday_shop` */

DROP TABLE IF EXISTS `qday_shop`;

CREATE TABLE `qday_shop` (
  `shop_code` varchar(10) NOT NULL,
  `qday_code` varchar(10) NOT NULL,
  PRIMARY KEY (`shop_code`,`qday_code`)
) ENGINE=InnoDB DEFAULT CHARSET=latin1;

/*Data for the table `qday_shop` */

/*Table structure for table `qday_transport` */

DROP TABLE IF EXISTS `qday_transport`;

CREATE TABLE `qday_transport` (
  `transport_code` varchar(10) NOT NULL,
  `qday_code` varchar(10) NOT NULL,
  PRIMARY KEY (`transport_code`,`qday_code`)
) ENGINE=InnoDB DEFAULT CHARSET=latin1;

/*Data for the table `qday_transport` */

insert  into `qday_transport`(`transport_code`,`qday_code`) values ('TR0001','Q0101'),('TR0001','Q0102'),('TR0001','Q0103'),('TR0001','Q0104'),('TR0001','Q0105');

/*Table structure for table `quotation` */

DROP TABLE IF EXISTS `quotation`;

CREATE TABLE `quotation` (
  `quotation_code` varchar(10) NOT NULL,
  `staff_code` varchar(10) DEFAULT NULL,
  `quotation_name` varchar(255) DEFAULT NULL,
  `quotation_days` smallint(6) DEFAULT NULL,
  `quotation_status` smallint(6) DEFAULT NULL,
  PRIMARY KEY (`quotation_code`)
) ENGINE=InnoDB DEFAULT CHARSET=latin1;

/*Data for the table `quotation` */

insert  into `quotation`(`quotation_code`,`staff_code`,`quotation_name`,`quotation_days`,`quotation_status`) values ('Q01','eka','Korea Jeju 4N5D',5,1);

/*Table structure for table `quotation_day` */

DROP TABLE IF EXISTS `quotation_day`;

CREATE TABLE `quotation_day` (
  `qday_code` varchar(10) NOT NULL,
  `quotation_code` varchar(10) NOT NULL,
  `route_code` varchar(10) DEFAULT NULL,
  `qday_day` smallint(6) DEFAULT NULL,
  `qday_location_start` varchar(10) DEFAULT NULL,
  `qday_location_end` varchar(10) DEFAULT NULL,
  `qday_route` varchar(255) DEFAULT NULL,
  PRIMARY KEY (`qday_code`)
) ENGINE=InnoDB DEFAULT CHARSET=latin1;

/*Data for the table `quotation_day` */

insert  into `quotation_day`(`qday_code`,`quotation_code`,`route_code`,`qday_day`,`qday_location_start`,`qday_location_end`,`qday_route`) values ('Q0101','Q01','RO0007',1,'LO0004','LO0005','L0004;L0005'),('Q0102','Q01','RO0128',2,'LO0005','LO0006','L0005;L0006'),('Q0103','Q01','RO0199',3,'LO0006','LO0007',NULL),('Q0104','Q01','RO0249',4,'LO0007','LO0008',NULL),('Q0105','Q01','RO0230',5,'LO0008','LO0004',NULL);

/*Table structure for table `quotation_detail` */

DROP TABLE IF EXISTS `quotation_detail`;

CREATE TABLE `quotation_detail` (
  `qdetail_code` varchar(10) NOT NULL,
  `qday_code` varchar(10) NOT NULL,
  `qdetail_title` varchar(255) DEFAULT NULL,
  `qdetail_time_start` varchar(5) DEFAULT NULL,
  `qdetail_time_end` varchar(5) DEFAULT NULL,
  `qdetail_memo` mediumtext,
  `qdetail_type` varchar(10) DEFAULT NULL,
  `qdetail_transport_code` varchar(10) DEFAULT NULL,
  `qdetail_restaurant_code` varchar(10) DEFAULT NULL,
  `qdetail_hotel_code` varchar(10) DEFAULT NULL,
  `qdetail_entrance_code` varchar(10) DEFAULT NULL,
  `qdetail_shop_code` varchar(10) DEFAULT NULL,
  `qdetail_location` varchar(10) DEFAULT NULL,
  `qdetail_revision` smallint(6) DEFAULT NULL,
  `qdetail_status` smallint(6) DEFAULT NULL,
  PRIMARY KEY (`qdetail_code`)
) ENGINE=InnoDB DEFAULT CHARSET=latin1;

/*Data for the table `quotation_detail` */

insert  into `quotation_detail`(`qdetail_code`,`qday_code`,`qdetail_title`,`qdetail_time_start`,`qdetail_time_end`,`qdetail_memo`,`qdetail_type`,`qdetail_transport_code`,`qdetail_restaurant_code`,`qdetail_hotel_code`,`qdetail_entrance_code`,`qdetail_shop_code`,`qdetail_location`,`qdetail_revision`,`qdetail_status`) values ('Q010101','Q0101','Arrive Incheon Airport','08.30','10.00',NULL,NULL,NULL,NULL,NULL,NULL,NULL,NULL,NULL,1),('Q010102','Q0101','Lunch','11.00','12.00',NULL,NULL,NULL,NULL,NULL,NULL,NULL,NULL,NULL,1),('Q010103','Q0101','Yungdam Head Rock','12.00','18.00',NULL,NULL,NULL,NULL,NULL,NULL,NULL,NULL,NULL,NULL),('Q010104','Q0101','Dinner','18.00','20.00',NULL,NULL,NULL,NULL,NULL,NULL,NULL,NULL,NULL,NULL),('Q010105','Q0101','Hotel Check-in','20.00','21.00',NULL,NULL,NULL,NULL,NULL,NULL,NULL,NULL,NULL,NULL),('Q010201','Q0102','Hotel Breakfast','07.00','09.00',NULL,NULL,NULL,NULL,NULL,NULL,NULL,NULL,NULL,NULL),('Q010202','Q0102','Doing something','09.00','11.00',NULL,NULL,NULL,NULL,NULL,NULL,NULL,NULL,NULL,NULL),('Q010203','Q0102','Lunch','11.00','12.00',NULL,NULL,NULL,NULL,NULL,NULL,NULL,NULL,NULL,NULL),('Q010204','Q0102','Doing something 2','12.00','18.00',NULL,NULL,NULL,NULL,NULL,NULL,NULL,NULL,NULL,NULL),('Q010205','Q0102','Dinner','18.00','21.00',NULL,NULL,NULL,NULL,NULL,NULL,NULL,NULL,NULL,NULL),('Q010301','Q0103','Hotel Breakfast','07.00','09.00',NULL,NULL,NULL,NULL,NULL,NULL,NULL,NULL,NULL,NULL),('Q010302','Q0103','Doing something','09.00','11.00',NULL,NULL,NULL,NULL,NULL,NULL,NULL,NULL,NULL,NULL),('Q010303','Q0103','Lunch','11.00','12.00',NULL,NULL,NULL,NULL,NULL,NULL,NULL,NULL,NULL,NULL),('Q010304','Q0103','Doing something 2','12.00','18.00',NULL,NULL,NULL,NULL,NULL,NULL,NULL,NULL,NULL,NULL),('Q010305','Q0103','Dinner','18.00','21.00',NULL,NULL,NULL,NULL,NULL,NULL,NULL,NULL,NULL,NULL),('Q010401','Q0104','Hotel Breakfast','07.00','09.00',NULL,NULL,NULL,NULL,NULL,NULL,NULL,NULL,NULL,NULL),('Q010402','Q0104','Doing something','09.00','11.00',NULL,NULL,NULL,NULL,NULL,NULL,NULL,NULL,NULL,NULL),('Q010403','Q0104','Lunch','11.00','12.00',NULL,NULL,NULL,NULL,NULL,NULL,NULL,NULL,NULL,NULL),('Q010404','Q0104','Doing something 2','12.00','18.00',NULL,NULL,NULL,NULL,NULL,NULL,NULL,NULL,NULL,NULL),('Q010405','Q0104','Dinner','18.00','21.00',NULL,NULL,NULL,NULL,NULL,NULL,NULL,NULL,NULL,NULL),('Q010501','Q0105','Hotel Breakfast','07.00','09.00',NULL,NULL,NULL,NULL,NULL,NULL,NULL,NULL,NULL,NULL),('Q010502','Q0105','Doing something','09.00','09.15',NULL,NULL,NULL,NULL,NULL,NULL,NULL,NULL,NULL,NULL),('Q010503','Q0105','Packing','09.15','10.00',NULL,NULL,NULL,NULL,NULL,NULL,NULL,NULL,NULL,NULL),('Q010504','Q0105','Doing something 2','10.00','11.00',NULL,NULL,NULL,NULL,NULL,NULL,NULL,NULL,NULL,NULL),('Q010505','Q0105','Flight Check in','11.00','12.00',NULL,NULL,NULL,NULL,NULL,NULL,NULL,NULL,NULL,NULL);

/*Table structure for table `restaurant` */

DROP TABLE IF EXISTS `restaurant`;

CREATE TABLE `restaurant` (
  `restaurant_code` varchar(10) NOT NULL,
  `restaurant_name` varchar(255) DEFAULT NULL,
  `restaurant_email` varchar(255) DEFAULT NULL,
  `restaurant_website` varchar(255) DEFAULT NULL,
  `restaurant_phone` varchar(25) DEFAULT NULL,
  `restaurant_fax` varchar(25) DEFAULT NULL,
  `restaurant_address` varchar(255) DEFAULT NULL,
  `restaurant_postal` varchar(10) DEFAULT NULL,
  `restaurant_location` varchar(10) DEFAULT NULL,
  `restaurant_city` varchar(255) DEFAULT NULL,
  `restaurant_country` varchar(255) DEFAULT NULL,
  `restaurant_currency` varchar(5) DEFAULT NULL,
  `restaurant_menu` varchar(255) DEFAULT NULL,
  `restaurant_memo` mediumtext,
  `restaurant_updated` timestamp NULL DEFAULT NULL,
  `restaurant_updated_name` varchar(255) DEFAULT NULL,
  `restaurant_status` smallint(6) DEFAULT '1',
  PRIMARY KEY (`restaurant_code`)
) ENGINE=InnoDB DEFAULT CHARSET=latin1;

/*Data for the table `restaurant` */

insert  into `restaurant`(`restaurant_code`,`restaurant_name`,`restaurant_email`,`restaurant_website`,`restaurant_phone`,`restaurant_fax`,`restaurant_address`,`restaurant_postal`,`restaurant_location`,`restaurant_city`,`restaurant_country`,`restaurant_currency`,`restaurant_menu`,`restaurant_memo`,`restaurant_updated`,`restaurant_updated_name`,`restaurant_status`) values ('RS0001','SINUSEONGTOWN',NULL,NULL,'064-738-7830',NULL,NULL,NULL,NULL,NULL,NULL,NULL,'ABALONE CASSEROLE',NULL,'2015-06-06 07:02:43','admin',1),('RS0002','SEJONG GARDEN',NULL,NULL,'064-748-5552',NULL,NULL,NULL,NULL,NULL,NULL,NULL,'ABALONE PORRIDGE',NULL,'2015-06-06 07:02:43','admin',1),('RS0003','INCHEON CAO',NULL,NULL,'032-743-3077',NULL,NULL,NULL,NULL,NULL,NULL,NULL,'ABF (INCHEON)',NULL,'2015-06-06 07:02:43','admin',1),('RS0004','APPLEASE',NULL,NULL,'054-834-7800',NULL,NULL,NULL,NULL,NULL,NULL,NULL,'APPLE CHICKEN',NULL,'2015-06-06 07:02:43','admin',1),('RS0005','CHONGHA',NULL,NULL,'032-751-0448',NULL,NULL,NULL,NULL,NULL,NULL,NULL,'BEEF BULGOGI',NULL,'2015-06-06 07:02:43','admin',1),('RS0006','DAEPYUNG',NULL,NULL,'02-395-5288',NULL,NULL,NULL,NULL,NULL,NULL,NULL,'BEEF BULGOGI',NULL,'2015-06-06 07:02:43','admin',1),('RS0007','HANU TOWN',NULL,NULL,'033-332-0001',NULL,NULL,NULL,NULL,NULL,NULL,NULL,'BEEF BULGOGI',NULL,'2015-06-06 07:02:43','admin',1),('RS0008','HANUGEUKJANG',NULL,NULL,'033-591-5288',NULL,NULL,NULL,NULL,NULL,NULL,NULL,'BEEF BULGOGI',NULL,'2015-06-06 07:02:43','admin',1),('RS0009','HWABAN',NULL,NULL,'033-638-4001',NULL,NULL,NULL,NULL,NULL,NULL,NULL,'BEEF BULGOGI',NULL,'2015-06-06 07:02:43','admin',1),('RS0010','NEULBOM',NULL,NULL,'064-744-9000',NULL,NULL,NULL,NULL,NULL,NULL,NULL,'BEEF BULGOGI',NULL,'2015-06-06 07:02:43','admin',1),('RS0011','SEOKTAN HEOGWAN',NULL,NULL,'033-592-8233',NULL,NULL,NULL,NULL,NULL,NULL,NULL,'BEEF BULGOGI',NULL,'2015-06-06 07:02:44','admin',1),('RS0012','DAEPYUNG',NULL,NULL,'02-395-5288',NULL,NULL,NULL,NULL,NULL,NULL,NULL,'BEEF RIB BBQ',NULL,'2015-06-06 07:02:44','admin',1),('RS0013','GEOGUJANG',NULL,NULL,'02-715-3611',NULL,NULL,NULL,NULL,NULL,NULL,NULL,'BEEF RIB BBQ',NULL,'2015-06-06 07:02:44','admin',1),('RS0014','GEUMGANGSAN',NULL,NULL,'02-792-5721',NULL,NULL,NULL,NULL,NULL,NULL,NULL,'BEEF RIB BBQ',NULL,'2015-06-06 07:02:44','admin',1),('RS0015','GYEONGBOKGUNG',NULL,NULL,'02-722-7713',NULL,NULL,NULL,NULL,NULL,NULL,NULL,'BEEF RIB BBQ',NULL,'2015-06-06 07:02:44','admin',1),('RS0016','NEULBOM',NULL,NULL,'064-744-9000',NULL,NULL,NULL,NULL,NULL,NULL,NULL,'BEEF RIB BBQ',NULL,'2015-06-06 07:02:44','admin',1),('RS0017','OESIKINBEONGA',NULL,NULL,'051-743-3338',NULL,NULL,NULL,NULL,NULL,NULL,NULL,'BEEF RIB BBQ',NULL,'2015-06-06 07:02:44','admin',1),('RS0018','SHABU SSAM',NULL,NULL,'042-824-3854',NULL,NULL,NULL,NULL,NULL,NULL,NULL,'BEEF SHABU',NULL,'2015-06-06 07:02:44','admin',1),('RS0019','GEOGUJANG',NULL,NULL,'02-715-3611',NULL,NULL,NULL,NULL,NULL,NULL,NULL,'BIBIMBAB',NULL,'2015-06-06 07:02:44','admin',1),('RS0020','HWABAN',NULL,NULL,'033-638-4001',NULL,NULL,NULL,NULL,NULL,NULL,NULL,'BIBIMBAB',NULL,'2015-06-06 07:02:44','admin',1),('RS0021','WAGAENGI',NULL,NULL,'064-782-4474',NULL,NULL,NULL,NULL,NULL,NULL,NULL,'BLACK PORK',NULL,'2015-06-06 07:02:44','admin',1),('RS0022','DELICIOUS',NULL,NULL,'053-566-2020',NULL,NULL,NULL,NULL,NULL,NULL,NULL,'BUFFET',NULL,'2015-06-06 07:02:44','admin',1),('RS0023','IRON',NULL,NULL,'02-2143-1171',NULL,NULL,NULL,NULL,NULL,NULL,NULL,'BUFFET',NULL,'2015-06-06 07:02:44','admin',1),('RS0024','KAOKAO',NULL,NULL,'1544-2998',NULL,NULL,NULL,NULL,NULL,NULL,NULL,'BUFFET',NULL,'2015-06-06 07:02:44','admin',1),('RS0025','TODAI-A',NULL,NULL,'02-2645-788',NULL,NULL,NULL,NULL,NULL,NULL,NULL,'BUFFET',NULL,'2015-06-06 07:02:44','admin',1),('RS0026','TODAI-A1',NULL,NULL,'02-2645-788',NULL,NULL,NULL,NULL,NULL,NULL,NULL,'BUFFET',NULL,'2015-06-06 07:02:44','admin',1),('RS0027','TODAI-B',NULL,NULL,'02-3783-4200',NULL,NULL,NULL,NULL,NULL,NULL,NULL,'BUFFET',NULL,'2015-06-06 07:02:44','admin',1),('RS0028','TODAI-B1',NULL,NULL,'02-3783-4200',NULL,NULL,NULL,NULL,NULL,NULL,NULL,'BUFFET',NULL,'2015-06-06 07:02:44','admin',1),('RS0029','LOTERIA',NULL,NULL,'032-743-5680',NULL,NULL,NULL,NULL,NULL,NULL,NULL,'BULGOGI BURGER',NULL,'2015-06-06 07:02:44','admin',1),('RS0030','MARINE',NULL,NULL,'033-574-2555',NULL,NULL,NULL,NULL,NULL,NULL,NULL,'CHEESE CHICKEN CUTLET',NULL,'2015-06-06 07:02:44','admin',1),('RS0031','HANOK',NULL,NULL,'031-582-1692',NULL,NULL,NULL,NULL,NULL,NULL,NULL,'CHICKEN BBQ',NULL,'2015-06-06 07:02:44','admin',1),('RS0032','SEOMHYANGGI',NULL,NULL,'031-581-2189',NULL,NULL,NULL,NULL,NULL,NULL,NULL,'CHICKEN BBQ',NULL,'2015-06-06 07:02:44','admin',1),('RS0033','ANDONG',NULL,NULL,'02-3789-6841',NULL,NULL,NULL,NULL,NULL,NULL,NULL,'CHICKEN STEW',NULL,'2015-06-06 07:02:44','admin',1),('RS0034','CHONGHA',NULL,NULL,'032-751-0448',NULL,NULL,NULL,NULL,NULL,NULL,NULL,'CHICKEN STEW',NULL,'2015-06-06 07:02:44','admin',1),('RS0035','MAEMIL',NULL,NULL,'033-335-5121',NULL,NULL,NULL,NULL,NULL,NULL,NULL,'CHICKEN STEW',NULL,'2015-06-06 07:02:44','admin',1),('RS0036','WAGAENGI',NULL,NULL,'064-782-4474',NULL,NULL,NULL,NULL,NULL,NULL,NULL,'DUMPLING STEAMBOAT',NULL,'2015-06-06 07:02:44','admin',1),('RS0037','CHONGHA',NULL,NULL,'032-751-0448',NULL,NULL,NULL,NULL,NULL,NULL,NULL,'FISH CAKE STEW',NULL,'2015-06-06 07:02:44','admin',1),('RS0038','TERIYAKI',NULL,NULL,'033-339-0626',NULL,NULL,NULL,NULL,NULL,NULL,NULL,'FISH CUTLET',NULL,'2015-06-06 07:02:44','admin',1),('RS0039','NAMDO',NULL,NULL,'051-905-9292',NULL,NULL,NULL,NULL,NULL,NULL,NULL,'FISH GRILLED',NULL,'2015-06-06 07:02:44','admin',1),('RS0040','TTOTGOL',NULL,NULL,'033-635-4480',NULL,NULL,NULL,NULL,NULL,NULL,NULL,'FISH GRILLED',NULL,'2015-06-06 07:02:44','admin',1),('RS0041','SAESIMCHON',NULL,NULL,'033-638-0057',NULL,NULL,NULL,NULL,NULL,NULL,NULL,'GALBI TANG',NULL,'2015-06-06 07:02:45','admin',1),('RS0042','HWANGTAEMYUNGGA',NULL,NULL,'033-592-5288',NULL,NULL,NULL,NULL,NULL,NULL,NULL,'GAMJATANG',NULL,'2015-06-06 07:02:45','admin',1),('RS0043','KORYO',NULL,NULL,'02-752-2734',NULL,NULL,NULL,NULL,NULL,NULL,NULL,'GINSENG CHICKEN SOUP',NULL,'2015-06-06 07:02:45','admin',1),('RS0044','SALAM',NULL,NULL,'02-793-4323',NULL,NULL,NULL,NULL,NULL,NULL,NULL,'HALAL TURKEY',NULL,'2015-06-06 07:02:45','admin',1),('RS0045','SINUSEONGTOWN',NULL,NULL,'064-738-7830',NULL,NULL,NULL,NULL,NULL,NULL,NULL,'HAN JEONG SIK',NULL,'2015-06-06 07:02:45','admin',1),('RS0046','',NULL,NULL,'',NULL,NULL,NULL,NULL,NULL,NULL,NULL,'HTL ABF',NULL,'2015-06-06 07:02:45','admin',1),('RS0047','KEUNJIB',NULL,NULL,'051-245-3320',NULL,NULL,NULL,NULL,NULL,NULL,NULL,'KOREA SET MENU',NULL,'2015-06-06 07:02:45','admin',1),('RS0048','MINSOKJIB',NULL,NULL,'031-906-9060',NULL,NULL,NULL,NULL,NULL,NULL,NULL,'KOREA SET MENU',NULL,'2015-06-06 07:02:45','admin',1),('RS0049','SEOUL SIKDANG',NULL,NULL,'043-423-3344',NULL,NULL,NULL,NULL,NULL,NULL,NULL,'KOREA SET MENU',NULL,'2015-06-06 07:02:45','admin',1),('RS0050','SODRAE',NULL,NULL,'064-726-0083',NULL,NULL,NULL,NULL,NULL,NULL,NULL,'KOREA SET MENU',NULL,'2015-06-06 07:02:45','admin',1),('RS0051','GEOGUJANG',NULL,NULL,'02-715-3611',NULL,NULL,NULL,NULL,NULL,NULL,NULL,'LOCAL ABF',NULL,'2015-06-06 07:02:45','admin',1),('RS0052','INCHEON CAO',NULL,NULL,'032-743-3077',NULL,NULL,NULL,NULL,NULL,NULL,NULL,'LUNCH BUFFET',NULL,'2015-06-06 07:02:45','admin',1),('RS0053','EVERLAND',NULL,NULL,'X',NULL,NULL,NULL,NULL,NULL,NULL,NULL,'MEAL COUPON',NULL,'2015-06-06 07:02:45','admin',1),('RS0054','GOGICHON',NULL,NULL,'033-573-5502',NULL,NULL,NULL,NULL,NULL,NULL,NULL,'MIXED BBQ',NULL,'2015-06-06 07:02:45','admin',1),('RS0055','TTERAK',NULL,NULL,'031-321-2330',NULL,NULL,NULL,NULL,NULL,NULL,NULL,'MIXED BBQ',NULL,'2015-06-06 07:02:45','admin',1),('RS0056','NARUTEO',NULL,NULL,'043-423-9776',NULL,NULL,NULL,NULL,NULL,NULL,NULL,'MUSHROOM STEAMBOAT',NULL,'2015-06-06 07:02:45','admin',1),('RS0057','AVENTREE',NULL,NULL,'02-2139-8250',NULL,NULL,NULL,NULL,NULL,NULL,NULL,'PORK  or DUCK STEAK',NULL,'2015-06-06 07:02:45','admin',1),('RS0058','EVER SKY',NULL,NULL,'031-335-6336',NULL,NULL,NULL,NULL,NULL,NULL,NULL,'PORK BBQ',NULL,'2015-06-06 07:02:45','admin',1),('RS0059','KIM TAEGEUN',NULL,NULL,'053-653-5044',NULL,NULL,NULL,NULL,NULL,NULL,NULL,'PORK BBQ',NULL,'2015-06-06 07:02:45','admin',1),('RS0060','NEULBOM',NULL,NULL,'064-744-9000',NULL,NULL,NULL,NULL,NULL,NULL,NULL,'PORK BBQ',NULL,'2015-06-06 07:02:45','admin',1),('RS0061','SAESIMCHON',NULL,NULL,'033-638-0057',NULL,NULL,NULL,NULL,NULL,NULL,NULL,'PORK BBQ',NULL,'2015-06-06 07:02:45','admin',1),('RS0062','UNDERTHESEA',NULL,NULL,'02-6402-8000',NULL,NULL,NULL,NULL,NULL,NULL,NULL,'SF BUFFET',NULL,'2015-06-06 07:02:45','admin',1),('RS0063','BAEKROK',NULL,NULL,'064-782-8001',NULL,NULL,NULL,NULL,NULL,NULL,NULL,'SF STEAMBOAT',NULL,'2015-06-06 07:02:45','admin',1),('RS0064','CHEONGHAEYA',NULL,NULL,'064-722-4585',NULL,NULL,NULL,NULL,NULL,NULL,NULL,'SF STEAMBOAT',NULL,'2015-06-06 07:02:45','admin',1),('RS0065','MAEMIL',NULL,NULL,'033-335-5121',NULL,NULL,NULL,NULL,NULL,NULL,NULL,'SF STEAMBOAT',NULL,'2015-06-06 07:02:45','admin',1),('RS0066','SINUSEONGTOWN',NULL,NULL,'064-738-7830',NULL,NULL,NULL,NULL,NULL,NULL,NULL,'SF STEAMBOAT',NULL,'2015-06-06 07:02:45','admin',1),('RS0067','BARMI SHABU',NULL,NULL,'02-2662-9456',NULL,NULL,NULL,NULL,NULL,NULL,NULL,'SHABU BUFFET',NULL,'2015-06-06 07:02:45','admin',1),('RS0068','DOLGORAE',NULL,NULL,'02-2628-9292',NULL,NULL,NULL,NULL,NULL,NULL,NULL,'SHABU BUFFET',NULL,'2015-06-06 07:02:45','admin',1),('RS0069','MERMER',NULL,NULL,'02-704-0002',NULL,NULL,NULL,NULL,NULL,NULL,NULL,'SHABU BUFFET',NULL,'2015-06-06 07:02:45','admin',1),('RS0070','SHABU HYANG',NULL,NULL,'064-901-4994',NULL,NULL,NULL,NULL,NULL,NULL,NULL,'SHABU SHABU',NULL,'2015-06-06 07:02:45','admin',1),('RS0071','N THAI',NULL,NULL,'02-3144-3968',NULL,NULL,NULL,NULL,NULL,NULL,NULL,'THAI FOOD',NULL,'2015-06-06 07:02:46','admin',1),('RS0072','ORIENTIN',NULL,NULL,'02-333-5489',NULL,NULL,NULL,NULL,NULL,NULL,NULL,'THAI FOOD',NULL,'2015-06-06 07:02:46','admin',1),('RS0073','SIAM',NULL,NULL,'031-323-3235',NULL,NULL,NULL,NULL,NULL,NULL,NULL,'THAI FOOD',NULL,'2015-06-06 07:02:46','admin',1),('RS0074','WANG THAI',NULL,NULL,'02-749-2746',NULL,NULL,NULL,NULL,NULL,NULL,NULL,'THAI FOOD',NULL,'2015-06-06 07:02:46','admin',1),('RS0075','JEONGSUGASEONG',NULL,NULL,'054-745-0066',NULL,NULL,NULL,NULL,NULL,NULL,NULL,'TTEOKGALBI',NULL,'2015-06-06 07:02:46','admin',1),('RS0076','CHONGHA',NULL,NULL,'032-751-0448',NULL,NULL,NULL,NULL,NULL,NULL,NULL,'UDON',NULL,'2015-06-06 07:02:46','admin',1);

/*Table structure for table `restaurant_menu` */

DROP TABLE IF EXISTS `restaurant_menu`;

CREATE TABLE `restaurant_menu` (
  `menu_code` varchar(10) NOT NULL,
  `restaurant_code` varchar(10) NOT NULL,
  `menu_name` varchar(255) DEFAULT NULL,
  `menu_price` int(11) DEFAULT NULL,
  `menu_memo` mediumtext,
  `menu_status` smallint(6) DEFAULT NULL,
  PRIMARY KEY (`menu_code`)
) ENGINE=InnoDB DEFAULT CHARSET=latin1;

/*Data for the table `restaurant_menu` */

insert  into `restaurant_menu`(`menu_code`,`restaurant_code`,`menu_name`,`menu_price`,`menu_memo`,`menu_status`) values ('MN000001','RS0001','11',22,'33',1);

/*Table structure for table `route` */

DROP TABLE IF EXISTS `route`;

CREATE TABLE `route` (
  `route_code` varchar(10) NOT NULL,
  `route_title` varchar(255) DEFAULT NULL,
  `route_start` varchar(10) DEFAULT NULL,
  `route_end` varchar(10) DEFAULT NULL,
  `route_path` varchar(255) DEFAULT NULL,
  `route_mainland` varchar(255) DEFAULT NULL,
  `route_jeju` varchar(255) DEFAULT NULL,
  `route_cost1` int(11) DEFAULT '0' COMMENT '1-4 Pax',
  `route_cost2` int(11) DEFAULT '0' COMMENT '5-9 Pax',
  `route_cost3` int(11) DEFAULT '0' COMMENT '10-14 Pax',
  `route_cost4` int(11) DEFAULT '0' COMMENT '15-19 Pax',
  `route_cost5` int(11) DEFAULT '0' COMMENT '20-42 Pax',
  `route_status` tinyint(1) DEFAULT '1',
  PRIMARY KEY (`route_code`)
) ENGINE=InnoDB DEFAULT CHARSET=latin1;

/*Data for the table `route` */

insert  into `route`(`route_code`,`route_title`,`route_start`,`route_end`,`route_path`,`route_mainland`,`route_jeju`,`route_cost1`,`route_cost2`,`route_cost3`,`route_cost4`,`route_cost5`,`route_status`) values ('RO0001','ARRIVE BUSAN - HOTEL',NULL,NULL,NULL,NULL,NULL,100000,150000,200000,250000,250000,1),('RO0002','ARRIVE INCHEON - EVERLAND - MT. SORAK',NULL,NULL,NULL,NULL,NULL,200000,285000,330000,360000,360000,1),('RO0003','ARRIVE INCHEON - EVERLAND - SEOUL',NULL,NULL,NULL,NULL,NULL,200000,230000,300000,330000,330000,1),('RO0004','ARRIVE INCHEON - GYEONGGI ',NULL,NULL,NULL,NULL,NULL,185000,211000,260000,280000,280000,1),('RO0005','ARRIVE INCHEON - HOTEL',NULL,NULL,NULL,NULL,NULL,55000,150000,230000,250000,250000,1),('RO0006','ARRIVE INCHEON - HOTEL (DRIVER ONLY - NO GUIDE)',NULL,NULL,NULL,NULL,NULL,55000,100000,230000,250000,250000,1),('RO0007','ARRIVE INCHEON - JEJU',NULL,NULL,NULL,NULL,NULL,100000,150000,230000,250000,250000,1),('RO0008','ARRIVE INCHEON - JEJU HALF DAY',NULL,NULL,NULL,NULL,NULL,300000,350000,400000,450000,450000,1),('RO0009','ARRIVE INCHEON - MT. SORAK',NULL,NULL,NULL,NULL,NULL,185000,285000,330000,360000,360000,1),('RO0010','ARRIVE INCHEON - MT. SORAK - SEOUL',NULL,NULL,NULL,NULL,NULL,296000,456000,528000,576000,576000,1),('RO0011','ARRIVE INCHEON - NAMI ISLAND - JEJU',NULL,NULL,NULL,NULL,NULL,185000,285000,330000,360000,360000,1),('RO0012','ARRIVE INCHEON - NAMI ISLAND - MT. SORAK',NULL,NULL,NULL,NULL,NULL,185000,285000,330000,360000,360000,1),('RO0013','ARRIVE INCHEON - NAMI ISLAND - SEOUL',NULL,NULL,NULL,NULL,NULL,185000,285000,330000,360000,360000,1),('RO0014','ARRIVE INCHEON - PETITE FRANCE - NAMI ISLAND - MT. SORAK',NULL,NULL,NULL,NULL,NULL,185000,285000,330000,360000,360000,1),('RO0015','ARRIVE INCHEON - PYUNGCHANG',NULL,NULL,NULL,NULL,NULL,185000,285000,330000,360000,360000,1),('RO0016','ARRIVE INCHEON - SEOUL',NULL,NULL,NULL,NULL,NULL,55000,100000,230000,250000,250000,1),('RO0017','ARRIVE INCHEON - SEOUL - KANGWONLAND',NULL,NULL,NULL,NULL,NULL,185000,285000,330000,360000,360000,1),('RO0018','ARRIVE INCHEON - SEOUL - WONJU',NULL,NULL,NULL,NULL,NULL,185000,285000,330000,360000,360000,1),('RO0019','ARRIVE INCHEON - SEOUL (DRIVER ONLY - NO GUIDE)',NULL,NULL,NULL,NULL,NULL,55000,100000,230000,250000,250000,1),('RO0020','ARRIVE INCHEON - SEOUL FULL DAY',NULL,NULL,NULL,NULL,NULL,142000,211000,260000,280000,280000,1),('RO0021','ARRIVE INCHEON - SKI RESORT',NULL,NULL,NULL,NULL,NULL,185000,285000,330000,360000,360000,1),('RO0022','ARRIVE INCHEON - SKI RESORT - NAMI ISLAND - MT. SORAK',NULL,NULL,NULL,NULL,NULL,185000,285000,330000,360000,360000,1),('RO0023','ARRIVE INCHEON - WONJU',NULL,NULL,NULL,NULL,NULL,185000,285000,330000,360000,360000,1),('RO0024','ARRIVE JEJU - HALF DAY TOUR',NULL,NULL,NULL,NULL,NULL,55000,100000,150000,200000,200000,1),('RO0025','ARRIVE JEJU - HOTEL',NULL,NULL,NULL,NULL,NULL,0,0,0,0,0,1),('RO0026','ARRIVE KIMPO AIRPORT - JEJU ',NULL,NULL,NULL,NULL,NULL,0,0,0,0,0,1),('RO0027','BUSAN - APPLEASE - KANGWONLAND',NULL,NULL,NULL,NULL,NULL,200000,300000,400000,450000,450000,1),('RO0028','BUSAN - APPLEASE - RAIL BIKE - MT. SORAK',NULL,NULL,NULL,NULL,NULL,250000,350000,450000,500000,500000,1),('RO0029','BUSAN - DAEGU',NULL,NULL,NULL,NULL,NULL,200000,300000,400000,450000,450000,1),('RO0030','BUSAN - DAEGU - JEONJU ',NULL,NULL,NULL,NULL,NULL,200000,300000,400000,450000,450000,1),('RO0031','BUSAN - GYEONGJU',NULL,NULL,NULL,NULL,NULL,200000,300000,400000,450000,450000,1),('RO0032','BUSAN - JEJU',NULL,NULL,NULL,NULL,NULL,200000,300000,400000,450000,450000,1),('RO0033','BUSAN - KIMHAE AIRPORT',NULL,NULL,NULL,NULL,NULL,55000,150000,230000,250000,250000,1),('RO0034','BUSAN - RAIL BIKE - MT. SORAK',NULL,NULL,NULL,NULL,NULL,200000,300000,400000,450000,450000,1),('RO0035','BUSAN - SEOUL',NULL,NULL,NULL,NULL,NULL,200000,300000,400000,450000,450000,1),('RO0036','BUSAN FULL DAY TOUR',NULL,NULL,NULL,NULL,NULL,150000,200000,250000,280000,280000,1),('RO0037','DAEGU - ANDONG - MT. SORAK',NULL,NULL,NULL,NULL,NULL,200000,300000,400000,450000,450000,1),('RO0038','DAEGU - APPLEASE - MT. SORAK',NULL,NULL,NULL,NULL,NULL,200000,300000,400000,450000,450000,1),('RO0039','DAEGU - APPLEASE - PYUNGCHANG',NULL,NULL,NULL,NULL,NULL,200000,300000,400000,450000,450000,1),('RO0040','DAEGU - BUSAN - GYEONGGI ',NULL,NULL,NULL,NULL,NULL,200000,300000,400000,450000,450000,1),('RO0041','DAEGU - BUSAN - JEJU',NULL,NULL,NULL,NULL,NULL,200000,300000,400000,450000,450000,1),('RO0042','DAEGU - EVERLAND - GYEONGGI',NULL,NULL,NULL,NULL,NULL,200000,300000,400000,450000,450000,1),('RO0043','DAEGU - EVERLAND - SEOUL',NULL,NULL,NULL,NULL,NULL,200000,300000,400000,450000,450000,1),('RO0044','DAEGU - GYEONGJU',NULL,NULL,NULL,NULL,NULL,200000,300000,400000,450000,450000,1),('RO0045','DAEGU - JEONJU - MT. DAEDUN - GYEONGGI',NULL,NULL,NULL,NULL,NULL,200000,300000,380000,400000,400000,1),('RO0046','DAEGU - RAIL BIKE - MT. SORAK',NULL,NULL,NULL,NULL,NULL,200000,300000,400000,450000,450000,1),('RO0047','DAEGU - SEOUL',NULL,NULL,NULL,NULL,NULL,200000,300000,400000,450000,450000,1),('RO0048','DAEGU - SKI RESORT - EVERLAND - GYEONGGI',NULL,NULL,NULL,NULL,NULL,200000,300000,400000,450000,450000,1),('RO0049','DAEGU - SKI RESORT - MT. SORAK',NULL,NULL,NULL,NULL,NULL,200000,300000,400000,450000,450000,1),('RO0050','DANYANG - EVERLAND - SEOUL',NULL,NULL,NULL,NULL,NULL,185000,285000,330000,360000,360000,1),('RO0051','DANYANG - GYEONGGI',NULL,NULL,NULL,NULL,NULL,185000,285000,330000,360000,360000,1),('RO0052','DANYANG - MT. SORAK',NULL,NULL,NULL,NULL,NULL,185000,285000,330000,360000,360000,1),('RO0053','GWANGJU - BOSEONG TEA - BUSAN - DAEGU ',NULL,NULL,NULL,NULL,NULL,200000,300000,400000,450000,450000,1),('RO0054','GYEONGGI - EVERLAND - BUSAN',NULL,NULL,NULL,NULL,NULL,200000,300000,400000,450000,450000,1),('RO0055','GYEONGGI - EVERLAND - GYEONGGI',NULL,NULL,NULL,NULL,NULL,157000,211000,260000,280000,280000,1),('RO0056','GYEONGGI - EVERLAND - INCHEON',NULL,NULL,NULL,NULL,NULL,162000,231000,280000,300000,300000,1),('RO0057','GYEONGGI - EVERLAND - JEJU',NULL,NULL,NULL,NULL,NULL,142000,211000,260000,280000,280000,1),('RO0058','GYEONGGI - EVERLAND - KANGWONLAND',NULL,NULL,NULL,NULL,NULL,185000,285000,330000,360000,360000,1),('RO0059','GYEONGGI - EVERLAND - NAMI ISLAND - SEOUL',NULL,NULL,NULL,NULL,NULL,185000,285000,330000,360000,360000,1),('RO0060','GYEONGGI - EVERLAND - PYUNGCHANG',NULL,NULL,NULL,NULL,NULL,185000,285000,330000,360000,360000,1),('RO0061','GYEONGGI - EVERLAND - SEOUL',NULL,NULL,NULL,NULL,NULL,157000,211000,260000,280000,280000,1),('RO0062','GYEONGGI - EVERLAND - SKI RESORT',NULL,NULL,NULL,NULL,NULL,185000,285000,330000,360000,360000,1),('RO0063','GYEONGGI - JEJU',NULL,NULL,NULL,NULL,NULL,147000,211000,260000,280000,280000,1),('RO0064','GYEONGGI - NAMI ISLAND - MT. SORAK',NULL,NULL,NULL,NULL,NULL,185000,285000,330000,360000,360000,1),('RO0065','GYEONGGI - NAMI ISLAND - MT. SORAK - KANGWONLAND',NULL,NULL,NULL,NULL,NULL,200000,300000,350000,400000,400000,1),('RO0066','GYEONGGI - NAMI ISLAND - MT. SORAK - WONJU',NULL,NULL,NULL,NULL,NULL,200000,300000,350000,400000,400000,1),('RO0067','GYEONGGI - SEOUL',NULL,NULL,NULL,NULL,NULL,157000,211000,260000,280000,280000,1),('RO0068','GYEONGGI - SKI RESORT',NULL,NULL,NULL,NULL,NULL,185000,285000,330000,360000,360000,1),('RO0069','GYEONGGI - SKI RESORT - EVERLAND - SEOUL ',NULL,NULL,NULL,NULL,NULL,157000,211000,260000,280000,280000,1),('RO0070','GYEONGGI - SKI RESORT - MT. SORAK',NULL,NULL,NULL,NULL,NULL,185000,285000,330000,360000,360000,1),('RO0071','GYEONGGI - SKI RESORT - NAMI ISLAND - MT. SORAK',NULL,NULL,NULL,NULL,NULL,185000,285000,330000,360000,360000,1),('RO0072','GYEONGGI - SKI RESORT - SEOUL',NULL,NULL,NULL,NULL,NULL,157000,211000,260000,280000,280000,1),('RO0073','GYEONGGI - YEOJU - RAIL BIKE - KANGWONLAND',NULL,NULL,NULL,NULL,NULL,185000,285000,330000,360000,360000,1),('RO0074','GYEONGJU - BUSAN',NULL,NULL,NULL,NULL,NULL,200000,300000,400000,450000,450000,1),('RO0075','GYEONGJU - DAEGU - KANGWONLAND',NULL,NULL,NULL,NULL,NULL,185000,285000,330000,360000,360000,1),('RO0076','GYEONGJU - DANYANG',NULL,NULL,NULL,NULL,NULL,200000,300000,400000,450000,450000,1),('RO0077','GYEONGJU - JEONJU',NULL,NULL,NULL,NULL,NULL,200000,300000,400000,450000,450000,1),('RO0078','GYEONGJU - KANGWONLAND',NULL,NULL,NULL,NULL,NULL,200000,300000,400000,450000,450000,1),('RO0079','GYEONGJU - MT. SORAK',NULL,NULL,NULL,NULL,NULL,200000,300000,400000,450000,450000,1),('RO0080','HOTEL - KIMHAE AIRPORT',NULL,NULL,NULL,NULL,NULL,55000,150000,200000,250000,250000,1),('RO0081','INCHEON - AIRPORT ',NULL,NULL,NULL,NULL,NULL,100000,211000,230000,250000,250000,1),('RO0082','INCHEON - ASAN - DAEGU ',NULL,NULL,NULL,NULL,NULL,200000,300000,400000,450000,450000,1),('RO0083','INCHEON - DAEGU ',NULL,NULL,NULL,NULL,NULL,200000,300000,400000,450000,450000,1),('RO0084','INCHEON - EVERLAND - GYEONGGI',NULL,NULL,NULL,NULL,NULL,172000,231000,290000,310000,310000,1),('RO0085','INCHEON - EVERLAND - JEJU ',NULL,NULL,NULL,NULL,NULL,172000,241000,290000,310000,310000,1),('RO0086','INCHEON - EVERLAND - KANGWONLAND',NULL,NULL,NULL,NULL,NULL,185000,285000,330000,360000,360000,1),('RO0087','INCHEON - EVERLAND - MT. SORAK',NULL,NULL,NULL,NULL,NULL,185000,285000,330000,360000,360000,1),('RO0088','INCHEON - EVERLAND - PYUNGCHANG',NULL,NULL,NULL,NULL,NULL,185000,285000,330000,360000,360000,1),('RO0089','INCHEON - EVERLAND - SKI RESORT ',NULL,NULL,NULL,NULL,NULL,185000,285000,330000,360000,360000,1),('RO0090','INCHEON - JEJU',NULL,NULL,NULL,NULL,NULL,80000,150000,230000,250000,250000,1),('RO0091','INCHEON - MT. SORAK - NAMI ISLAND - GYEONGGI',NULL,NULL,NULL,NULL,NULL,235000,335000,380000,410000,410000,1),('RO0092','INCHEON - MT. SORAK - SEOUL ',NULL,NULL,NULL,NULL,NULL,296000,456000,528000,576000,576000,1),('RO0093','INCHEON - NAMI ISLAND - JEJU ',NULL,NULL,NULL,NULL,NULL,185000,285000,330000,360000,360000,1),('RO0094','INCHEON - NAMI ISLAND - KANGWONLAND',NULL,NULL,NULL,NULL,NULL,185000,285000,330000,360000,360000,1),('RO0095','INCHEON - NAMI ISLAND - MT. SORAK',NULL,NULL,NULL,NULL,NULL,185000,285000,330000,350000,350000,1),('RO0096','INCHEON - NAMI ISLAND - MT. SORAK - KANGWONLAND',NULL,NULL,NULL,NULL,NULL,200000,300000,350000,400000,400000,1),('RO0097','INCHEON - NAMI ISLAND - MT. SORAK - WONJU',NULL,NULL,NULL,NULL,NULL,200000,300000,350000,400000,400000,1),('RO0098','INCHEON - NAMI ISLAND - PYUNGCHANG',NULL,NULL,NULL,NULL,NULL,185000,285000,330000,360000,360000,1),('RO0099','INCHEON - NAMI ISLAND - SKI RESORT',NULL,NULL,NULL,NULL,NULL,185000,285000,330000,360000,360000,1),('RO0100','INCHEON - PETITE FRANCE - NAMI ISLAND - MT. SORAK',NULL,NULL,NULL,NULL,NULL,185000,285000,330000,360000,360000,1),('RO0101','INCHEON - SEOUL - GYEONGGI',NULL,NULL,NULL,NULL,NULL,172000,231000,280000,300000,300000,1),('RO0102','INCHEON - SKI RESORT ',NULL,NULL,NULL,NULL,NULL,185000,285000,330000,360000,360000,1),('RO0103','INCHEON - SKI RESORT - MT. SORAK',NULL,NULL,NULL,NULL,NULL,185000,285000,330000,360000,360000,1),('RO0104','INCHEON - SKI RESORT - NAMI ISLAND - MT. SORAK',NULL,NULL,NULL,NULL,NULL,185000,285000,330000,360000,360000,1),('RO0105','INCHEON - YEOJU PREMIUM OUTLET - KANGWON LAND',NULL,NULL,NULL,NULL,NULL,185000,285000,330000,360000,360000,1),('RO0106','INCHEON - YEOJU PREMIUM OUTLET - MT. SORAK',NULL,NULL,NULL,NULL,NULL,185000,285000,330000,360000,360000,1),('RO0107','JEJU - BUSAN',NULL,NULL,NULL,NULL,NULL,185000,285000,330000,360000,360000,1),('RO0108','JEJU - BUSAN - DAEGU',NULL,NULL,NULL,NULL,NULL,200000,300000,400000,450000,450000,1),('RO0109','JEJU - BUSAN - GYEONGJU',NULL,NULL,NULL,NULL,NULL,200000,300000,400000,450000,450000,1),('RO0110','JEJU - BUSAN - GYEONGJU - DAEGU',NULL,NULL,NULL,NULL,NULL,200000,300000,400000,450000,450000,1),('RO0111','JEJU - BUSAN - JINHAE FESTIVAL - DAEGU',NULL,NULL,NULL,NULL,NULL,200000,300000,400000,450000,450000,1),('RO0112','JEJU - BUSAN - JINHAE FESTIVAL - GYEONGJU',NULL,NULL,NULL,NULL,NULL,200000,300000,400000,450000,450000,1),('RO0113','JEJU - CHEONGJU - MT. DAEDUN - JEONJU ',NULL,NULL,NULL,NULL,NULL,200000,300000,400000,450000,450000,1),('RO0114','JEJU - CHEONGJU - MT. DAEDUN - JEONJU - DAEGU',NULL,NULL,NULL,NULL,NULL,200000,300000,400000,450000,450000,1),('RO0115','JEJU - EVERLAND - GYEONGGI ',NULL,NULL,NULL,NULL,NULL,157000,211000,260000,280000,280000,1),('RO0116','JEJU - EVERLAND - KANGWONLAND',NULL,NULL,NULL,NULL,NULL,185000,285000,330000,360000,360000,1),('RO0117','JEJU - EVERLAND - MT. SORAK ',NULL,NULL,NULL,NULL,NULL,185000,285000,330000,360000,360000,1),('RO0118','JEJU - EVERLAND - PYUNGCHANG',NULL,NULL,NULL,NULL,NULL,185000,285000,330000,360000,360000,1),('RO0119','JEJU - EVERLAND - SEOUL',NULL,NULL,NULL,NULL,NULL,157000,211000,260000,280000,280000,1),('RO0120','JEJU - EVERLAND - SKI RESORT',NULL,NULL,NULL,NULL,NULL,185000,285000,330000,360000,360000,1),('RO0121','JEJU - EVERLAND - SUANBO',NULL,NULL,NULL,NULL,NULL,185000,285000,330000,360000,360000,1),('RO0122','JEJU - EVERLAND - WONJU',NULL,NULL,NULL,NULL,NULL,185000,285000,330000,360000,360000,1),('RO0123','JEJU - GWANGJU ',NULL,NULL,NULL,NULL,NULL,200000,300000,400000,450000,450000,1),('RO0124','JEJU - INCHEON ',NULL,NULL,NULL,NULL,NULL,55000,100000,230000,250000,250000,1),('RO0125','JEJU - KANGWONLAND',NULL,NULL,NULL,NULL,NULL,185000,285000,330000,360000,360000,1),('RO0126','JEJU - MT. SORAK',NULL,NULL,NULL,NULL,NULL,185000,285000,330000,360000,360000,1),('RO0127','JEJU - NAMI ISLAND - KANGWONLAND',NULL,NULL,NULL,NULL,NULL,185000,285000,330000,360000,360000,1),('RO0128','JEJU - NAMI ISLAND - MT. SORAK',NULL,NULL,NULL,NULL,NULL,185000,285000,330000,360000,360000,1),('RO0129','JEJU - NAMI ISLAND - PETITE FRANCE - GYEONGGI',NULL,NULL,NULL,NULL,NULL,185000,285000,330000,360000,360000,1),('RO0130','JEJU - NAMI ISLAND - RAIL BIKE - MT. SORAK',NULL,NULL,NULL,NULL,NULL,185000,285000,330000,360000,360000,1),('RO0131','JEJU - NAMI ISLAND - SEOUL',NULL,NULL,NULL,NULL,NULL,185000,285000,330000,360000,360000,1),('RO0132','JEJU - NAMI ISLAND - SKI RESORT',NULL,NULL,NULL,NULL,NULL,185000,285000,330000,360000,360000,1),('RO0133','JEJU - SEOUL',NULL,NULL,NULL,NULL,NULL,137000,191000,230000,250000,250000,1),('RO0134','JEJU - SEOUL - EVERLAND',NULL,NULL,NULL,NULL,NULL,157000,211000,260000,280000,280000,1),('RO0135','JEJU - SEOUL - INCHEON',NULL,NULL,NULL,NULL,NULL,157000,211000,260000,280000,280000,1),('RO0136','JEJU - SEOUL - MT. SORAK',NULL,NULL,NULL,NULL,NULL,185000,285000,330000,360000,360000,1),('RO0137','JEJU - SEOUL - NAMI ISLAND - SEOUL',NULL,NULL,NULL,NULL,NULL,185000,285000,330000,360000,360000,1),('RO0138','JEJU - SKI RESORT',NULL,NULL,NULL,NULL,NULL,185000,285000,330000,360000,360000,1),('RO0139','JEJU - SKI RESORT - MT. SORAK',NULL,NULL,NULL,NULL,NULL,185000,285000,330000,360000,360000,1),('RO0140','JEJU - SKI RESORT - NAMI ISLAND - MT. SORAK',NULL,NULL,NULL,NULL,NULL,185000,285000,330000,360000,360000,1),('RO0141','JEJU FULL DAY',NULL,NULL,NULL,NULL,NULL,300000,350000,400000,450000,450000,1),('RO0142','JEJU FULL DAY - PYUNGCHANG',NULL,NULL,NULL,NULL,NULL,185000,285000,330000,360000,360000,1),('RO0143','JEJU HALF DAY - MT. SORAK',NULL,NULL,NULL,NULL,NULL,185000,285000,330000,360000,360000,1),('RO0144','JEJU HALF DAY TOUR - DEPARTURE',NULL,NULL,NULL,NULL,NULL,100000,150000,230000,250000,250000,1),('RO0145','JEJU HALF DAY TOUR - SEOUL',NULL,NULL,NULL,NULL,NULL,237000,421000,520000,590000,590000,1),('RO0146','JEONJU - MT. DAEDUN - GYEONGGI',NULL,NULL,NULL,NULL,NULL,200000,300000,400000,450000,450000,1),('RO0147','JEONJU - MT. DAEDUN - SEOUL ',NULL,NULL,NULL,NULL,NULL,200000,300000,400000,450000,450000,1),('RO0148','KANGWON LAND - 360 SAFE TOWN THEME PARK - DAEGU',NULL,NULL,NULL,NULL,NULL,200000,300000,400000,450000,450000,1),('RO0149','KANGWON LAND - YEOJU - EVERLAND - SEOUL',NULL,NULL,NULL,NULL,NULL,185000,285000,330000,360000,360000,1),('RO0150','KANGWONGLAND - BUSAN',NULL,NULL,NULL,NULL,NULL,200000,300000,400000,450000,450000,1),('RO0151','KANGWONLAND',NULL,NULL,NULL,NULL,NULL,185000,285000,330000,360000,360000,1),('RO0152','KANGWONLAND - APPLEASE - DAEGU',NULL,NULL,NULL,NULL,NULL,200000,300000,400000,450000,450000,1),('RO0153','KANGWONLAND - CHOCHO PARK - SEOUL',NULL,NULL,NULL,NULL,NULL,185000,285000,330000,360000,360000,1),('RO0154','KANGWONLAND - CHOCOPARK - MT. SORAK',NULL,NULL,NULL,NULL,NULL,185000,285000,330000,360000,360000,1),('RO0155','KANGWONLAND - DAEGEUM CAVE - RAIL BIKE - SEOUL',NULL,NULL,NULL,NULL,NULL,185000,300000,350000,400000,400000,1),('RO0156','KANGWONLAND - EVERLAND - GYEONGGI',NULL,NULL,NULL,NULL,NULL,185000,285000,330000,360000,360000,1),('RO0157','KANGWONLAND - EVERLAND - JEJU',NULL,NULL,NULL,NULL,NULL,185000,285000,330000,360000,360000,1),('RO0158','KANGWONLAND - EVERLAND - SEOUL',NULL,NULL,NULL,NULL,NULL,185000,285000,330000,360000,360000,1),('RO0159','KANGWONLAND - GYEONGGI - SEOUL',NULL,NULL,NULL,NULL,NULL,185000,285000,330000,360000,360000,1),('RO0160','KANGWONLAND - MT. SORAK - NAMI ISLAND - GYEONGGI',NULL,NULL,NULL,NULL,NULL,185000,285000,330000,360000,360000,1),('RO0161','KANGWONLAND - MT. SORAK - NAMI ISLAND - SEOUL',NULL,NULL,NULL,NULL,NULL,185000,285000,330000,360000,360000,1),('RO0162','KANGWONLAND - OEDO PARADISE ISLAND - DAEGU',NULL,NULL,NULL,NULL,NULL,200000,300000,400000,450000,450000,1),('RO0163','KANGWONLAND - RAIL BIKE - BUSAN',NULL,NULL,NULL,NULL,NULL,200000,300000,400000,450000,450000,1),('RO0164','KANGWONLAND - RAIL BIKE - MT. SORAK',NULL,NULL,NULL,NULL,NULL,185000,285000,330000,360000,360000,1),('RO0165','KANGWONLAND - RAIL BIKE - SEOUL ',NULL,NULL,NULL,NULL,NULL,185000,285000,330000,360000,360000,1),('RO0166','KANGWONLAND - SAFETY TOWN - APPLEASE - DAEGU',NULL,NULL,NULL,NULL,NULL,200000,300000,380000,400000,400000,1),('RO0167','KANGWONLAND - SEOUL',NULL,NULL,NULL,NULL,NULL,185000,285000,330000,360000,360000,1),('RO0168','KANGWONLAND - YEOJU - EVERLAND - GYEONGGI',NULL,NULL,NULL,NULL,NULL,185000,285000,330000,360000,360000,1),('RO0169','KANGWONLAND - YEOJU - EVERLAND - SEOUL',NULL,NULL,NULL,NULL,NULL,185000,285000,330000,360000,360000,1),('RO0170','KANGWONLAND - YEOJU - SEOUL',NULL,NULL,NULL,NULL,NULL,185000,285000,330000,360000,360000,1),('RO0171','KANGWONLAND - YEOJU PREMIUM OUTLET - JEJU ',NULL,NULL,NULL,NULL,NULL,185000,285000,330000,360000,360000,1),('RO0172','MT. SORAK - APPLEASE - DAEGU',NULL,NULL,NULL,NULL,NULL,200000,300000,400000,450000,450000,1),('RO0173','MT. SORAK - CHOCHO PARK - KANGWONGLAND',NULL,NULL,NULL,NULL,NULL,185000,285000,330000,360000,360000,1),('RO0174','MT. SORAK - DAEGU',NULL,NULL,NULL,NULL,NULL,200000,300000,400000,450000,450000,1),('RO0175','MT. SORAK - EVERLAND - GYEONGGI ',NULL,NULL,NULL,NULL,NULL,185000,285000,330000,360000,360000,1),('RO0176','MT. SORAK - EVERLAND - JEJU',NULL,NULL,NULL,NULL,NULL,185000,285000,330000,360000,360000,1),('RO0177','MT. SORAK - EVERLAND - SEOUL',NULL,NULL,NULL,NULL,NULL,185000,285000,330000,360000,360000,1),('RO0178','MT. SORAK - JEJU ',NULL,NULL,NULL,NULL,NULL,185000,285000,330000,360000,360000,1),('RO0179','MT. SORAK - KANGWONLAND',NULL,NULL,NULL,NULL,NULL,185000,285000,330000,360000,360000,1),('RO0180','MT. SORAK - NAMI ISLAND - EVERLAND - GYEONGGI',NULL,NULL,NULL,NULL,NULL,185000,285000,330000,360000,360000,1),('RO0181','MT. SORAK - NAMI ISLAND - EVERLAND - SEOUL',NULL,NULL,NULL,NULL,NULL,185000,285000,330000,360000,360000,1),('RO0182','MT. SORAK - NAMI ISLAND - GYEONGGI',NULL,NULL,NULL,NULL,NULL,185000,285000,330000,360000,360000,1),('RO0183','MT. SORAK - NAMI ISLAND - JEJU',NULL,NULL,NULL,NULL,NULL,185000,285000,330000,360000,360000,1),('RO0184','MT. SORAK - NAMI ISLAND - MORNING CALM GARDEN - SEOUL ',NULL,NULL,NULL,NULL,NULL,185000,285000,330000,360000,360000,1),('RO0185','MT. SORAK - NAMI ISLAND - PETITE FRANCE - GYEONGGI',NULL,NULL,NULL,NULL,NULL,185000,285000,330000,360000,360000,1),('RO0186','MT. SORAK - NAMI ISLAND - PETITE FRANCE - JEJU',NULL,NULL,NULL,NULL,NULL,185000,285000,330000,360000,360000,1),('RO0187','MT. SORAK - NAMI ISLAND - PETITE FRANCE - SEOUL',NULL,NULL,NULL,NULL,NULL,185000,285000,330000,360000,360000,1),('RO0188','MT. SORAK - NAMI ISLAND - SEOUL',NULL,NULL,NULL,NULL,NULL,185000,285000,330000,360000,360000,1),('RO0189','MT. SORAK - PYUNGCHANG',NULL,NULL,NULL,NULL,NULL,185000,285000,330000,360000,360000,1),('RO0190','MT. SORAK - RAIL BIKE - GYEONGGI',NULL,NULL,NULL,NULL,NULL,185000,285000,330000,360000,360000,1),('RO0191','MT. SORAK - RAIL BIKE - KANGWONLAND',NULL,NULL,NULL,NULL,NULL,185000,285000,330000,360000,360000,1),('RO0192','MT. SORAK - RAIL BIKE - NAMI ISLAND - SEOUL',NULL,NULL,NULL,NULL,NULL,185000,285000,330000,360000,360000,1),('RO0193','MT. SORAK - RAIL BIKE - PYUNGCHANG',NULL,NULL,NULL,NULL,NULL,185000,285000,330000,360000,360000,1),('RO0194','MT. SORAK - RAIL BIKE - SEOUL',NULL,NULL,NULL,NULL,NULL,215000,315000,380000,410000,410000,1),('RO0195','MT. SORAK - RAIL BIKE - WONJU ',NULL,NULL,NULL,NULL,NULL,185000,285000,330000,360000,360000,1),('RO0196','MT. SORAK - RAIL BIKE - YEOJU - SEOUL ',NULL,NULL,NULL,NULL,NULL,185000,285000,330000,360000,360000,1),('RO0197','MT. SORAK - SAMCHEOK - SEOUL',NULL,NULL,NULL,NULL,NULL,235000,335000,380000,410000,410000,1),('RO0198','MT. SORAK - SEA TRAIN - SKI RESORT',NULL,NULL,NULL,NULL,NULL,185000,285000,330000,360000,360000,1),('RO0199','MT. SORAK - SEOUL',NULL,NULL,NULL,NULL,NULL,185000,285000,330000,360000,360000,1),('RO0200','MT. SORAK - SEOUL - JEJU ',NULL,NULL,NULL,NULL,NULL,185000,285000,330000,360000,360000,1),('RO0201','MT. SORAK - SKI RESORT',NULL,NULL,NULL,NULL,NULL,185000,285000,330000,360000,360000,1),('RO0202','MT. SORAK - SKI RESORT - EVERLAND - GYEONGGI ',NULL,NULL,NULL,NULL,NULL,185000,285000,330000,360000,360000,1),('RO0203','MT. SORAK - SKI RESORT - EVERLAND - JEJU',NULL,NULL,NULL,NULL,NULL,185000,285000,330000,360000,360000,1),('RO0204','MT. SORAK - SKI RESORT - GYEONGGI',NULL,NULL,NULL,NULL,NULL,185000,285000,330000,360000,360000,1),('RO0205','MT. SORAK - SKI RESORT - JEJU',NULL,NULL,NULL,NULL,NULL,185000,285000,330000,360000,360000,1),('RO0206','MT. SORAK - SKI RESORT - NAMI ISLAND - SEOUL',NULL,NULL,NULL,NULL,NULL,185000,285000,330000,360000,360000,1),('RO0207','MT. SORAK - SKI RESORT - SEOUL ',NULL,NULL,NULL,NULL,NULL,185000,285000,330000,360000,360000,1),('RO0208','MT. SORAK - YEOJU PREMIUM OUTLET - GYEONGGI',NULL,NULL,NULL,NULL,NULL,185000,285000,330000,360000,360000,1),('RO0209','MT. SORAK - YEOJU PREMIUM OUTLET - SEOUL',NULL,NULL,NULL,NULL,NULL,185000,285000,330000,360000,360000,1),('RO0210','OSANRI PRAYER MOUNTAIN - SEOUL ',NULL,NULL,NULL,NULL,NULL,157000,211000,260000,280000,280000,1),('RO0211','PYUNGCHANG - 365 SAFE TOWN - KANGWONLAND',NULL,NULL,NULL,NULL,NULL,185000,285000,330000,360000,360000,1),('RO0212','PYUNGCHANG - APPLEASE - DAEGU',NULL,NULL,NULL,NULL,NULL,200000,300000,400000,450000,450000,1),('RO0213','PYUNGCHANG - APPLEASE - DANYANG',NULL,NULL,NULL,NULL,NULL,200000,300000,350000,400000,400000,1),('RO0214','PYUNGCHANG - DANYANG',NULL,NULL,NULL,NULL,NULL,185000,285000,330000,360000,360000,1),('RO0215','PYUNGCHANG - EVERLAND - GYEONGGI',NULL,NULL,NULL,NULL,NULL,185000,285000,330000,360000,360000,1),('RO0216','PYUNGCHANG - EVERLAND - JEJU',NULL,NULL,NULL,NULL,NULL,185000,285000,330000,360000,360000,1),('RO0217','PYUNGCHANG - EVERLAND - SEOUL',NULL,NULL,NULL,NULL,NULL,185000,285000,330000,360000,360000,1),('RO0218','PYUNGCHANG - HWASEONG - SEOUL',NULL,NULL,NULL,NULL,NULL,185000,285000,330000,360000,360000,1),('RO0219','PYUNGCHANG - JEJU',NULL,NULL,NULL,NULL,NULL,185000,285000,330000,360000,360000,1),('RO0220','PYUNGCHANG - NAMI ISLAND - SEOUL',NULL,NULL,NULL,NULL,NULL,185000,285000,330000,360000,360000,1),('RO0221','PYUNGCHANG - RAIL BIKE - MT. SORAK',NULL,NULL,NULL,NULL,NULL,185000,285000,330000,360000,360000,1),('RO0222','PYUNGCHANG - SEOUL ',NULL,NULL,NULL,NULL,NULL,185000,285000,330000,360000,360000,1),('RO0223','PYUNGCHANG - YEOJU PREMIUM OUTLET - JEJU',NULL,NULL,NULL,NULL,NULL,185000,285000,330000,360000,360000,1),('RO0224','PYUNGCHANG - YEOJU PREMIUM OUTLET - SEOUL',NULL,NULL,NULL,NULL,NULL,185000,285000,330000,360000,360000,1),('RO0225','SEOUL - BUSAN',NULL,NULL,NULL,NULL,NULL,200000,300000,450000,500000,500000,1),('RO0226','SEOUL - DMZ TOUR',NULL,NULL,NULL,NULL,NULL,157000,211000,260000,280000,280000,1),('RO0227','SEOUL - EVERLAND - NAMI ISLAND - MT. SORAK',NULL,NULL,NULL,NULL,NULL,200000,300000,350000,400000,400000,1),('RO0228','SEOUL - EVERLAND - SEOUL',NULL,NULL,NULL,NULL,NULL,157000,211000,260000,280000,280000,1),('RO0229','SEOUL - FREE DAY (NO GUIDE - NO DRIVER)',NULL,NULL,NULL,NULL,NULL,0,0,0,0,0,1),('RO0230','SEOUL - INCHEON',NULL,NULL,NULL,NULL,NULL,55000,100000,230000,250000,250000,1),('RO0231','SEOUL - INCHEON (DRIVER ONLY - NO GUIDE)',NULL,NULL,NULL,NULL,NULL,55000,100000,230000,250000,250000,1),('RO0232','SEOUL - JEJU',NULL,NULL,NULL,NULL,NULL,137000,191000,230000,250000,250000,1),('RO0233','SEOUL - JEJU - SEOUL',NULL,NULL,NULL,NULL,NULL,287000,386500,471500,526000,526000,1),('RO0234','SEOUL - JEJU FULL DAY',NULL,NULL,NULL,NULL,NULL,250000,300000,350000,400000,400000,1),('RO0235','SEOUL - KOREA FOLK VILLAGE ',NULL,NULL,NULL,NULL,NULL,157000,211000,260000,280000,280000,1),('RO0236','SEOUL - LOTTE WORLD',NULL,NULL,NULL,NULL,NULL,137000,191000,230000,250000,250000,1),('RO0237','SEOUL - NAMI ISLAND - MT. SORAK',NULL,NULL,NULL,NULL,NULL,185000,285000,330000,360000,360000,1),('RO0238','SEOUL - NAMI ISLAND - MT. SORAK - SEOUL',NULL,NULL,NULL,NULL,NULL,296000,456000,528000,576000,576000,1),('RO0239','SEOUL - NAMI ISLAND - PETITE FRANCE - SEOUL ',NULL,NULL,NULL,NULL,NULL,185000,285000,330000,360000,360000,1),('RO0240','SEOUL - NAMI ISLAND - SEOUL ',NULL,NULL,NULL,NULL,NULL,185000,285000,330000,360000,360000,1),('RO0241','SEOUL - NAMI ISLAND - SKI RESORT',NULL,NULL,NULL,NULL,NULL,185000,285000,330000,360000,360000,1),('RO0242','SEOUL - NAMI ISLAND - YEOJU PREMIUM OUTLET - SEOUL',NULL,NULL,NULL,NULL,NULL,185000,285000,330000,360000,360000,1),('RO0243','SEOUL - OSANRI PRAYER MOUNTAIN',NULL,NULL,NULL,NULL,NULL,157000,211000,260000,280000,280000,1),('RO0244','SEOUL - SKI RESORT',NULL,NULL,NULL,NULL,NULL,185000,285000,330000,360000,360000,1),('RO0245','SEOUL - SKI RESORT - YEOJU - SEOUL',NULL,NULL,NULL,NULL,NULL,185000,285000,330000,360000,360000,1),('RO0246','SEOUL - YEOJU - SEOUL',NULL,NULL,NULL,NULL,NULL,185000,285000,330000,360000,360000,1),('RO0247','SEOUL FREE DAY (GUIDE + DRIVER STANDBY)',NULL,NULL,NULL,NULL,NULL,137000,191000,230000,250000,250000,1),('RO0248','SEOUL FREE DAY (NO GUIDE + NO DRIVER)',NULL,NULL,NULL,NULL,NULL,0,0,0,0,0,1),('RO0249','SEOUL FULL DAY',NULL,NULL,NULL,NULL,NULL,137000,191000,230000,250000,250000,1),('RO0250','SEOUL FULL DAY - INCHEON ',NULL,NULL,NULL,NULL,NULL,157000,211000,260000,280000,280000,1),('RO0251','SEOUL FULL DAY TOUR',NULL,NULL,NULL,NULL,NULL,137000,191000,230000,250000,250000,1),('RO0252','SEOUL HALF DAY - INCHEON AIRPORT',NULL,NULL,NULL,NULL,NULL,157000,211000,260000,280000,280000,1),('RO0253','SKI RESORT - APPLEASE - DAEGU ',NULL,NULL,NULL,NULL,NULL,250000,350000,400000,450000,450000,1),('RO0254','SKI RESORT - BUSAN ',NULL,NULL,NULL,NULL,NULL,200000,300000,400000,450000,450000,1),('RO0255','SKI RESORT - DAEGU ',NULL,NULL,NULL,NULL,NULL,200000,300000,400000,450000,450000,1),('RO0256','SKI RESORT - EVERLAND - GYEONGGI',NULL,NULL,NULL,NULL,NULL,185000,285000,330000,360000,360000,1),('RO0257','SKI RESORT - EVERLAND - INCHEON',NULL,NULL,NULL,NULL,NULL,185000,285000,330000,360000,360000,1),('RO0258','SKI RESORT - EVERLAND - JEJU',NULL,NULL,NULL,NULL,NULL,185000,285000,330000,360000,360000,1),('RO0259','SKI RESORT - EVERLAND - SEOUL ',NULL,NULL,NULL,NULL,NULL,185000,285000,330000,360000,360000,1),('RO0260','SKI RESORT - GYEONGGI',NULL,NULL,NULL,NULL,NULL,185000,285000,330000,360000,360000,1),('RO0261','SKI RESORT - INCHEON',NULL,NULL,NULL,NULL,NULL,185000,285000,330000,360000,360000,1),('RO0262','SKI RESORT - JEJU',NULL,NULL,NULL,NULL,NULL,185000,285000,330000,360000,360000,1),('RO0263','SKI RESORT - LOTTE WORLD - JEJU ',NULL,NULL,NULL,NULL,NULL,185000,285000,330000,360000,360000,1),('RO0264','SKI RESORT - MT. SORAK',NULL,NULL,NULL,NULL,NULL,185000,285000,330000,360000,360000,1),('RO0265','SKI RESORT - MT. SORAK - NAMI ISLAND - SEOUL ',NULL,NULL,NULL,NULL,NULL,200000,300000,350000,400000,400000,1),('RO0266','SKI RESORT - NAMI ISLAND - MT. SORAK - SEOUL ',NULL,NULL,NULL,NULL,NULL,200000,300000,350000,400000,400000,1),('RO0267','SKI RESORT - NAMI ISLAND - SEOUL',NULL,NULL,NULL,NULL,NULL,185000,285000,330000,360000,360000,1),('RO0268','SKI RESORT - SEOUL',NULL,NULL,NULL,NULL,NULL,185000,285000,330000,360000,360000,1),('RO0269','SKI RESORT - SEOUL - FULL DAY LOTTE WORLD ADVENTURE',NULL,NULL,NULL,NULL,NULL,185000,285000,330000,360000,360000,1),('RO0270','SKI RESORT (TRANSPORT + GUIDE STAND BY)',NULL,NULL,NULL,NULL,NULL,185000,285000,330000,360000,360000,1),('RO0271','SUANBO - MT. SORAK',NULL,NULL,NULL,NULL,NULL,185000,285000,330000,360000,360000,1),('RO0272','WONJU - EVERLAND - JEJU ',NULL,NULL,NULL,NULL,NULL,185000,285000,330000,360000,360000,1),('RO0273','WONJU - MT. SORAK - NAMI ISLAND - GYEONGGI',NULL,NULL,NULL,NULL,NULL,185000,285000,330000,360000,360000,1),('RO0274','WONJU - SKI RESORT - MT. SORAK',NULL,NULL,NULL,NULL,NULL,185000,285000,330000,360000,360000,1);

/*Table structure for table `route_cost` */

DROP TABLE IF EXISTS `route_cost`;

CREATE TABLE `route_cost` (
  `cost_code` varchar(10) NOT NULL,
  `route_code` varchar(10) DEFAULT NULL,
  `cost_type` varchar(10) DEFAULT NULL,
  `cost_price` int(11) DEFAULT NULL,
  PRIMARY KEY (`cost_code`)
) ENGINE=InnoDB DEFAULT CHARSET=latin1;

/*Data for the table `route_cost` */

/*Table structure for table `shop` */

DROP TABLE IF EXISTS `shop`;

CREATE TABLE `shop` (
  `shop_code` varchar(10) NOT NULL,
  `shop_name` varchar(255) DEFAULT NULL,
  `shop_email` varchar(255) DEFAULT NULL,
  `shop_website` varchar(255) DEFAULT NULL,
  `shop_phone` varchar(25) DEFAULT NULL,
  `shop_fax` varchar(25) DEFAULT NULL,
  `shop_address` varchar(255) DEFAULT NULL,
  `shop_postal` varchar(10) DEFAULT NULL,
  `shop_location` varchar(10) DEFAULT NULL,
  `shop_city` varchar(255) DEFAULT NULL,
  `shop_country` varchar(255) DEFAULT NULL,
  `shop_items` mediumtext,
  `shop_currency` varchar(5) DEFAULT NULL,
  `shop_memo` mediumtext,
  `shop_updated` timestamp NULL DEFAULT NULL,
  `shop_updated_name` varchar(255) DEFAULT NULL,
  `shop_status` smallint(6) DEFAULT '1',
  PRIMARY KEY (`shop_code`)
) ENGINE=InnoDB DEFAULT CHARSET=latin1;

/*Data for the table `shop` */

/*Table structure for table `staff` */

DROP TABLE IF EXISTS `staff`;

CREATE TABLE `staff` (
  `staff_code` varchar(10) NOT NULL,
  `staff_name` varchar(255) DEFAULT NULL,
  `staff_name_korean` varchar(255) DEFAULT NULL,
  `staff_nickname` varchar(255) DEFAULT NULL,
  `staff_position` varchar(255) DEFAULT NULL,
  `staff_id_no` varchar(255) DEFAULT NULL,
  `staff_hp` varchar(25) DEFAULT NULL,
  `staff_phone` varchar(25) DEFAULT NULL,
  `staff_fax` varchar(25) DEFAULT NULL,
  `staff_bank_name` varchar(255) DEFAULT NULL,
  `staff_bank_account` varchar(255) DEFAULT NULL,
  `staff_email` varchar(255) DEFAULT NULL,
  `staff_password` varchar(32) DEFAULT NULL,
  `staff_address` varchar(255) DEFAULT NULL,
  `staff_postal` varchar(10) DEFAULT NULL,
  `staff_city` varchar(255) DEFAULT NULL,
  `staff_country` varchar(255) DEFAULT NULL,
  `staff_updated` timestamp NULL DEFAULT NULL,
  `staff_updated_name` varchar(255) DEFAULT NULL,
  `staff_status` smallint(6) DEFAULT '1',
  PRIMARY KEY (`staff_code`)
) ENGINE=InnoDB DEFAULT CHARSET=latin1;

/*Data for the table `staff` */

insert  into `staff`(`staff_code`,`staff_name`,`staff_name_korean`,`staff_nickname`,`staff_position`,`staff_id_no`,`staff_hp`,`staff_phone`,`staff_fax`,`staff_bank_name`,`staff_bank_account`,`staff_email`,`staff_password`,`staff_address`,`staff_postal`,`staff_city`,`staff_country`,`staff_updated`,`staff_updated_name`,`staff_status`) values ('0','Airi Satou',NULL,NULL,'Accountant',NULL,'+38 1422 539 341',NULL,NULL,NULL,NULL,'airi.satou@cne.com',NULL,NULL,NULL,'Jakarta','Indonesia',NULL,NULL,1),('1','Angelica Ramosompret',NULL,NULL,'Accountant','','+81 1008 267 799','','','','','angelica.ramos@cne.com','','','','Jakarta','Indonesia',NULL,NULL,0),('10','Charde Marshall',NULL,NULL,'Regional Director',NULL,'+94 1893 593 446',NULL,NULL,NULL,NULL,'charde.marshall@cne.com',NULL,NULL,NULL,'Kon Tum','Vietnam',NULL,NULL,1),('11','Colleen Hurst',NULL,NULL,'Javascript Developer',NULL,'+17 1012 669 667',NULL,NULL,NULL,NULL,'colleen.hurst@cne.com',NULL,NULL,NULL,'Bangar','Brunei',NULL,NULL,1),('12','Dai Rios',NULL,NULL,'Personnel Lead',NULL,'+34 1649 626 642',NULL,NULL,NULL,NULL,'dai.rios@cne.com',NULL,NULL,NULL,'Jakarta','Indonesia',NULL,NULL,1),('13','Donna Snider',NULL,NULL,'Customer Support',NULL,'+56 1489 491 936',NULL,NULL,NULL,NULL,'donna.snider@cne.com',NULL,NULL,NULL,'Meiktila','Burma',NULL,NULL,1),('14','Doris Wilder',NULL,NULL,'Sales Assistant',NULL,'+58 1566 493 240',NULL,NULL,NULL,NULL,'doris.wilder@cne.com',NULL,NULL,NULL,'Kampong Speu.','Cambodia',NULL,NULL,1),('15','Finn Camacho',NULL,NULL,'Support Engineer',NULL,'+19 1136 750 524',NULL,NULL,NULL,NULL,'finn.camacho@cne.com',NULL,NULL,NULL,'Dili','East Timor',NULL,NULL,1),('16','Fiona Green',NULL,NULL,'Chief Operating Officer (COO)',NULL,'+37 1630 649 538',NULL,NULL,NULL,NULL,'fiona.green@cne.com',NULL,NULL,NULL,'Surabaya','Indonesia',NULL,NULL,1),('17','Garrett Winters',NULL,NULL,'Accountant',NULL,'+38 1921 832 1063',NULL,NULL,NULL,NULL,'garrett.winters@cne.com',NULL,NULL,NULL,'Savannakhet','Laos',NULL,NULL,1),('18','Gavin Cortez',NULL,NULL,'Team Leader',NULL,'+39 1611 317 118',NULL,NULL,NULL,NULL,'gavin.cortez@cne.com',NULL,NULL,NULL,'Johor Baru','Malaysia',NULL,NULL,1),('19','Gavin Joyce',NULL,NULL,'Developer',NULL,'+52 1413 981 842',NULL,NULL,NULL,NULL,'gavin.joyce@cne.com',NULL,NULL,NULL,'Bago','Philippines',NULL,NULL,1),('2','Ashton Cox',NULL,NULL,'Junior Technical Author',NULL,'+37 1047 694 200',NULL,NULL,NULL,NULL,'ashton.cox@cne.com',NULL,NULL,NULL,'Kampong Speu.','Cambodia',NULL,NULL,1),('20','Gloria Little',NULL,NULL,'Systems Administrator',NULL,'+29 1708 302 510',NULL,NULL,NULL,NULL,'gloria.little@cne.com',NULL,NULL,NULL,'Singapore','Singapore',NULL,NULL,1),('21','Haley Kennedy',NULL,NULL,'Senior Marketing Designer',NULL,'+97 1998 271 823',NULL,NULL,NULL,NULL,'haley.kennedy@cne.com',NULL,NULL,NULL,'Khon Kaen','Thailand',NULL,NULL,1),('22','Hermione Butler',NULL,NULL,'Regional Director',NULL,'+39 1943 760 837',NULL,NULL,NULL,NULL,'hermione.butler@cne.com',NULL,NULL,NULL,'Kon Tum','Vietnam',NULL,NULL,1),('23','Herrod Chandler',NULL,NULL,'Sales Assistant',NULL,'+61 1618 124 742',NULL,NULL,NULL,NULL,'herrod.chandler@cne.com',NULL,NULL,NULL,'Bangar','Brunei',NULL,NULL,1),('24','Hope Fuentes',NULL,NULL,'Secretary',NULL,'+11 1798 1061 1004',NULL,NULL,NULL,NULL,'hope.fuentes@cne.com',NULL,NULL,NULL,'Jakarta','Indonesia',NULL,NULL,1),('25','Howard Hatfield',NULL,NULL,'Office Manager',NULL,'+39 1282 273 133',NULL,NULL,NULL,NULL,'howard.hatfield@cne.com',NULL,NULL,NULL,'Meiktila','Burma',NULL,NULL,1),('26','Jackson Bradshaw',NULL,NULL,'Director',NULL,'+19 1827 684 380',NULL,NULL,NULL,NULL,'jackson.bradshaw@cne.com',NULL,NULL,NULL,'Kampong Speu.','Cambodia',NULL,NULL,1),('27','Jena Gaines',NULL,NULL,'Office Manager',NULL,'+52 1938 721 926',NULL,NULL,NULL,NULL,'jena.gaines@cne.com',NULL,NULL,NULL,'Dili','East Timor',NULL,NULL,1),('28','Jenette Caldwell',NULL,NULL,'Development Lead',NULL,'+36 1965 1090 935',NULL,NULL,NULL,NULL,'jenette.caldwell@cne.com',NULL,NULL,NULL,'Surabaya','Indonesia',NULL,NULL,1),('29','Jennifer Acosta',NULL,NULL,'Junior Javascript Developer',NULL,'+70 1914 869 132',NULL,NULL,NULL,NULL,'jennifer.acosta@cne.com',NULL,NULL,NULL,'Savannakhet','Laos',NULL,NULL,1),('3','Bradley Greer',NULL,NULL,'Software Engineer',NULL,'+27 1476 1018 301',NULL,NULL,NULL,NULL,'bradley.greer@cne.com',NULL,NULL,NULL,'Dili','East Timor',NULL,NULL,1),('30','Jennifer Chang',NULL,NULL,'Regional Director',NULL,'+79 1774 442 936',NULL,NULL,NULL,NULL,'jennifer.chang@cne.com',NULL,NULL,NULL,'Johor Baru','Malaysia',NULL,NULL,1),('31','Jonas Alexander',NULL,NULL,'Developer',NULL,'+45 1882 204 940',NULL,NULL,NULL,NULL,'jonas.alexander@cne.com',NULL,NULL,NULL,'Bago','Philippines',NULL,NULL,1),('32','Lael Greer',NULL,NULL,'Systems Administrator',NULL,'+10 1557 335 580',NULL,NULL,NULL,NULL,'lael.greer@cne.com',NULL,NULL,NULL,'Singapore','Singapore',NULL,NULL,1),('33','Martena Mccray',NULL,NULL,'Post-Sales support',NULL,'+84 1609 554 248',NULL,NULL,NULL,NULL,'martena.mccray@cne.com',NULL,NULL,NULL,'Khon Kaen','Thailand',NULL,NULL,1),('34','Michael Bruce',NULL,NULL,'Javascript Developer',NULL,'+96 1439 347 818',NULL,NULL,NULL,NULL,'michael.bruce@cne.com',NULL,NULL,NULL,'Kon Tum','Vietnam',NULL,NULL,1),('35','Michael Silva',NULL,NULL,'Marketing Designer',NULL,'+82 1987 655 370',NULL,NULL,NULL,NULL,'michael.silva@cne.com',NULL,NULL,NULL,'Bangar','Brunei',NULL,NULL,1),('36','Michelle House',NULL,NULL,'Integration Specialist',NULL,'+25 1627 325 261',NULL,NULL,NULL,NULL,'michelle.house@cne.com',NULL,NULL,NULL,'Jakarta','Indonesia',NULL,NULL,1),('37','Olivia Liang',NULL,NULL,'Support Engineer',NULL,'+30 1394 429 1000',NULL,NULL,NULL,NULL,'olivia.liang@cne.com',NULL,NULL,NULL,'Meiktila','Burma',NULL,NULL,1),('38','Paul Byrd',NULL,NULL,'Chief Financial Officer (CFO)',NULL,'+30 1076 302 131',NULL,NULL,NULL,NULL,'paul.byrd@cne.com',NULL,NULL,NULL,'Kampong Speu.','Cambodia',NULL,NULL,1),('39','Prescott Bartlett',NULL,NULL,'Technical Author',NULL,'+39 1677 729 256',NULL,NULL,NULL,NULL,'prescott.bartlett@cne.com',NULL,NULL,NULL,'Dili','East Timor',NULL,NULL,1),('4','Brenden Wagner',NULL,NULL,'Software Engineer',NULL,'+53 1124 484 143',NULL,NULL,NULL,NULL,'brenden.wagner@cne.com',NULL,NULL,NULL,'Surabaya','Indonesia',NULL,NULL,1),('40','Quinn Flynn',NULL,NULL,'Support Lead',NULL,'+37 1230 101 502',NULL,NULL,NULL,NULL,'quinn.flynn@cne.com',NULL,NULL,NULL,'Surabaya','Indonesia',NULL,NULL,1),('41','Rhona Davidson',NULL,NULL,'Integration Specialist',NULL,'+34 1991 808 1052',NULL,NULL,NULL,NULL,'rhona.davidson@cne.com',NULL,NULL,NULL,'Savannakhet','Laos',NULL,NULL,1),('42','Sakura Yamamoto',NULL,NULL,'Support Engineer',NULL,'+14 1969 783 718',NULL,NULL,NULL,NULL,'sakura.yamamoto@cne.com',NULL,NULL,NULL,'Johor Baru','Malaysia',NULL,NULL,1),('43','Serge Baldwin',NULL,NULL,'Data Coordinator',NULL,'+21 1110 257 593',NULL,NULL,NULL,NULL,'serge.baldwin@cne.com',NULL,NULL,NULL,'Bago','Philippines',NULL,NULL,1),('44','Shad Decker',NULL,NULL,'Regional Director',NULL,'+13 1424 802 1067',NULL,NULL,NULL,NULL,'shad.decker@cne.com',NULL,NULL,NULL,'Singapore','Singapore',NULL,NULL,1),('45','Shou Itou',NULL,NULL,'Regional Marketing',NULL,'+75 1053 841 299',NULL,NULL,NULL,NULL,'shou.itou@cne.com',NULL,NULL,NULL,'Khon Kaen','Thailand',NULL,NULL,1),('46','Sonya Frost',NULL,NULL,'Software Engineer',NULL,'+76 1289 996 728',NULL,NULL,NULL,NULL,'sonya.frost@cne.com',NULL,NULL,NULL,'Kon Tum','Vietnam',NULL,NULL,1),('47','Suki Burks',NULL,NULL,'Developer',NULL,'+12 1394 335 693',NULL,NULL,NULL,NULL,'suki.burks@cne.com',NULL,NULL,NULL,'Bangar','Brunei',NULL,NULL,1),('48','Tatyana Fitzpatrick',NULL,NULL,'Regional Director',NULL,'+90 1478 351 763',NULL,NULL,NULL,NULL,'tatyana.fitzpatrick@cne.com',NULL,NULL,NULL,'Jakarta','Indonesia',NULL,NULL,1),('49','Thor Walton',NULL,NULL,'Developer',NULL,'+95 1302 994 403',NULL,NULL,NULL,NULL,'thor.walton@cne.com',NULL,NULL,NULL,'Meiktila','Burma',NULL,NULL,1),('5','Brielle Williamson',NULL,NULL,'Integration Specialist',NULL,'+83 1516 815 701',NULL,NULL,NULL,NULL,'brielle.williamson@cne.com',NULL,NULL,NULL,'Savannakhet','Laos',NULL,NULL,1),('50','Tiger Nixon',NULL,NULL,'System Architect',NULL,'+13 1515 690 257',NULL,NULL,NULL,NULL,'tiger.nixon@cne.com',NULL,NULL,NULL,'Kampong Speu.','Cambodia',NULL,NULL,1),('51','Timothy Mooney',NULL,NULL,'Office Manager',NULL,'+48 1474 838 841',NULL,NULL,NULL,NULL,'timothy.mooney@cne.com',NULL,NULL,NULL,'Dili','East Timor',NULL,NULL,1),('52','Unity Butler',NULL,NULL,'Marketing Designer',NULL,'+85 1620 836 220',NULL,NULL,NULL,NULL,'unity.butler@cne.com',NULL,NULL,NULL,'Surabaya','Indonesia',NULL,NULL,1),('53','Vivian Harrell',NULL,NULL,'Financial Controller',NULL,'+10 1828 662 1023',NULL,NULL,NULL,NULL,'vivian.harrell@cne.com',NULL,NULL,NULL,'Savannakhet','Laos',NULL,NULL,1),('54','Yuri Berry',NULL,NULL,'Chief Marketing Officer (CMO)',NULL,'+28 1061 704 374',NULL,NULL,NULL,NULL,'yuri.berry@cne.com',NULL,NULL,NULL,'Johor Baru','Malaysia',NULL,NULL,1),('55','Zenaida Frank',NULL,NULL,'Software Engineer',NULL,'+45 1687 289 845',NULL,NULL,NULL,NULL,'zenaida.frank@cne.com',NULL,NULL,NULL,'Bago','Philippines',NULL,NULL,0),('56','Zorita Serrano',NULL,NULL,'Software Engineer',NULL,'+62 1436 896 184',NULL,NULL,NULL,NULL,'zorita.serrano@cne.com',NULL,NULL,NULL,'Singapore','Singapore',NULL,NULL,1),('6','Bruno Nash',NULL,NULL,'Software Engineer',NULL,'+74 1644 879 290',NULL,NULL,NULL,NULL,'bruno.nash@cne.com',NULL,NULL,NULL,'Johor Baru','Malaysia',NULL,NULL,1),('7','Caesar Vance',NULL,NULL,'Pre-Sales Support',NULL,'+94 1155 561 618',NULL,NULL,NULL,NULL,'caesar.vance@cne.com',NULL,NULL,NULL,'Bago','Philippines',NULL,NULL,1),('8','Cara Stevens',NULL,NULL,'Sales Assistant',NULL,'+87 1011 1010 510',NULL,NULL,NULL,NULL,'cara.stevens@cne.com',NULL,NULL,NULL,'Singapore','Singapore',NULL,NULL,1),('9','Cedric Kelly',NULL,NULL,'Senior Javascript Developer',NULL,'+10 1772 650 559',NULL,NULL,NULL,NULL,'cedric.kelly@cne.com',NULL,NULL,NULL,'Khon Kaen','Thailand',NULL,NULL,1),('ST0001','123','&#51064;&#52380;&#44277;&#54637;-&#45224;&#51060;&#49452;-&#49444;&#50501;&#49328;',NULL,'Marketing','','','','','','','206115536@123','BurningPhoenix','','','','','2015-05-09 09:59:02','206115536',0);

/*Table structure for table `transport` */

DROP TABLE IF EXISTS `transport`;

CREATE TABLE `transport` (
  `transport_code` varchar(10) NOT NULL,
  `transport_name` varchar(255) DEFAULT NULL,
  `transport_name_korean` varchar(255) DEFAULT NULL,
  `transport_email` varchar(255) DEFAULT NULL,
  `transport_website` varchar(255) DEFAULT NULL,
  `transport_phone` varchar(25) DEFAULT NULL,
  `transport_fax` varchar(25) DEFAULT NULL,
  `transport_address` varchar(255) DEFAULT NULL,
  `transport_postal` varchar(10) DEFAULT NULL,
  `transport_location` varchar(10) DEFAULT NULL,
  `transport_city` varchar(255) DEFAULT NULL,
  `transport_country` varchar(255) DEFAULT NULL,
  `transport_currency` varchar(5) DEFAULT NULL,
  `transport_memo` mediumtext,
  `pic_name` varchar(255) DEFAULT NULL,
  `pic_phone` varchar(25) DEFAULT NULL,
  `pic_position` varchar(255) DEFAULT NULL,
  `pic_email` varchar(255) DEFAULT NULL,
  `transport_updated` timestamp NULL DEFAULT NULL,
  `transport_updated_name` varchar(255) DEFAULT NULL,
  `transport_status` smallint(6) DEFAULT '1',
  PRIMARY KEY (`transport_code`)
) ENGINE=InnoDB DEFAULT CHARSET=latin1;

/*Data for the table `transport` */

insert  into `transport`(`transport_code`,`transport_name`,`transport_name_korean`,`transport_email`,`transport_website`,`transport_phone`,`transport_fax`,`transport_address`,`transport_postal`,`transport_location`,`transport_city`,`transport_country`,`transport_currency`,`transport_memo`,`pic_name`,`pic_phone`,`pic_position`,`pic_email`,`transport_updated`,`transport_updated_name`,`transport_status`) values ('TR0001','KUKJE RENTAL','??','','','','32','32','12',NULL,'32','22','KRW','22','1','3','2','4@5','2015-05-26 10:55:49','206115536',1),('TR0002','SINJUNG','??','','','','','','',NULL,'','','KRW','','1','3','2','','2015-05-26 10:56:32','206115536',1),('TR0003','12',NULL,'','','','','','',NULL,'','','','','1','3','2','','2015-05-26 10:56:50','206115536',1),('TR0004','123',NULL,'','','','','','','LO0003',NULL,'Korea','','','','','','','2015-05-29 10:55:58','206115536',1);

/*Table structure for table `transport_type` */

DROP TABLE IF EXISTS `transport_type`;

CREATE TABLE `transport_type` (
  `type_id` tinyint(4) NOT NULL,
  `type_name` varchar(255) DEFAULT NULL,
  `type_capacity` varchar(50) DEFAULT NULL,
  PRIMARY KEY (`type_id`)
) ENGINE=InnoDB DEFAULT CHARSET=latin1;

/*Data for the table `transport_type` */

insert  into `transport_type`(`type_id`,`type_name`,`type_capacity`) values (1,'STAREX','1-4 Pax'),(2,'COUNTY','5-9 Pax'),(3,'L County','10-14 Pax'),(4,'MINI BUS','15-19 Pax'),(5,'BUS','20-42 Pax');

/*Table structure for table `transport_vehicle` */

DROP TABLE IF EXISTS `transport_vehicle`;

CREATE TABLE `transport_vehicle` (
  `vehicle_code` varchar(10) NOT NULL,
  `transport_code` varchar(10) NOT NULL,
  `vehicle_name` varchar(255) DEFAULT NULL,
  `vehicle_type` varchar(10) DEFAULT NULL,
  `vehicle_location` varchar(10) DEFAULT NULL,
  `vehicle_price_low` int(11) DEFAULT '0',
  `vehicle_price_high` int(11) DEFAULT '0',
  `vehicle_status` smallint(6) DEFAULT '1',
  PRIMARY KEY (`vehicle_code`)
) ENGINE=InnoDB DEFAULT CHARSET=latin1;

/*Data for the table `transport_vehicle` */

insert  into `transport_vehicle`(`vehicle_code`,`transport_code`,`vehicle_name`,`vehicle_type`,`vehicle_location`,`vehicle_price_low`,`vehicle_price_high`,`vehicle_status`) values ('VH000001','TR0001','STAREX','1','LO0004',185000,0,1),('VH000002','TR0001','COUNTY','4','LO0001',255000,0,1),('VH000003','TR0001','L COUNTY','3','LO0004',285000,0,1),('VH000004','TR0002','MINIBUS','4','LO0004',330000,0,1),('VH000005','TR0002','BUS','5','LO0004',360000,0,1),('VH000006','TR0001',NULL,'4','JEJU',0,0,0),('VH000007','TR0001',NULL,'5','LO0002',0,0,1);

/*!40101 SET SQL_MODE=@OLD_SQL_MODE */;
/*!40014 SET FOREIGN_KEY_CHECKS=@OLD_FOREIGN_KEY_CHECKS */;
/*!40014 SET UNIQUE_CHECKS=@OLD_UNIQUE_CHECKS */;
/*!40111 SET SQL_NOTES=@OLD_SQL_NOTES */;
